Structure,Channel,Line_potential
6LQA,SCN,"[-0.1142957  -0.11710434 -0.12001201 -0.12302322 -0.12614274 -0.12937558
 -0.13272704 -0.1362027  -0.13980844 -0.14355049 -0.14743538 -0.15147003
 -0.15566174 -0.16001818 -0.16454748 -0.16925816 -0.17415924 -0.1792602
 -0.18457102 -0.1901022  -0.19586475 -0.20187026 -0.20813086 -0.21465925
 -0.2214687  -0.22857304 -0.23598667 -0.24372452 -0.25180204 -0.26023514
 -0.26904018 -0.27823385 -0.28783313 -0.29785518 -0.30831723 -0.31923642
 -0.3306297  -0.34251363 -0.35490422 -0.36781674 -0.38126547 -0.39526356
 -0.40982266 -0.4249527  -0.44066142 -0.4569538  -0.47383125 -0.49129024
 -0.50932029 -0.52790047 -0.54699385 -0.56653803 -0.58643006 -0.60650325
 -0.62649574 -0.64601663 -0.66452818 -0.68137802 -0.6959139  -0.70766909
 -0.71652824 -0.72275218 -0.72682516 -0.72921646 -0.73018648 -0.72970854
 -0.72751199 -0.72322323 -0.71655519 -0.70745768 -0.6961433  -0.68298364
 -0.66835846 -0.6525477  -0.6356979  -0.61784469 -0.5989617  -0.57901937
 -0.55805381 -0.53624975 -0.51402448 -0.49205024 -0.47107066 -0.45132347
 -0.43167313 -0.40937237 -0.38154753 -0.34748048 -0.30915955 -0.26973376
 -0.23183931 -0.19699282 -0.16577165 -0.13819888 -0.11404902 -0.09302793
 -0.07486045 -0.05932489 -0.04626075 -0.03556431 -0.02717909 -0.02108427
 -0.01728157 -0.01578026 -0.01657926 -0.01964515 -0.02488461 -0.03211052
 -0.04100122 -0.05105498 -0.06154699 -0.07150886 -0.07977078 -0.08511995
 -0.08658937 -0.08377553 -0.07698612 -0.06710335 -0.05526367 -0.04255404
 -0.02983743 -0.01770238 -0.00648607  0.00367202  0.01277042  0.02089188
  0.0281607   0.03471198  0.04067195  0.04614717  0.05122035  0.05595073
  0.06037709  0.06452207  0.0683968   0.07200514  0.07534717  0.07842186
  0.08122889  0.08376968  0.08604795  0.08806981  0.08984354  0.09137931
  0.09268873  0.09378446  0.09467982  0.09538843  0.09592394  0.09629977
  0.09652899  0.09662412  0.0965971   0.09645918  0.09622094  0.09589225
  0.09548226  0.09499948  0.09445171  0.09384618  0.09318949  0.0924877
  0.09174634  0.09097047  0.0901647   0.08933323  0.08847986  0.08760806
  0.08672097  0.08582144  0.08491205  0.08399511  0.08307275  0.08214685
  0.08121912  0.0802911   0.07936418  0.07843958  0.07751842  0.07660168
  0.07569024  0.07478489  0.07388632  0.07299515  0.0721119   0.07123705
  0.07037102  0.06951414  0.06866673  0.06782904  0.06700129  0.06618366
  0.06537629  0.06457929  0.06379275  0.06301673  0.06225127  0.06149638
  0.06075206  0.0600183 ]"
6UZ0,SCN,"[-0.0305007  -0.0320261  -0.03361012 -0.03525543 -0.03696483 -0.03874127
 -0.04058787 -0.04250789 -0.04450479 -0.0465822  -0.04874396 -0.05099411
 -0.0533369  -0.05577685 -0.05831868 -0.06096741 -0.06372831 -0.06660696
 -0.06960925 -0.07274139 -0.07600994 -0.07942183 -0.08298439 -0.08670535
 -0.0905929  -0.0946557  -0.09890288 -0.10334416 -0.10798978 -0.11285064
 -0.11793828 -0.12326498 -0.1288438  -0.13468866 -0.14081443 -0.14723705
 -0.15397361 -0.16104256 -0.16846386 -0.1762592  -0.18445229 -0.19306918
 -0.20213866 -0.21169277 -0.22176731 -0.23240252 -0.24364367 -0.2555415
 -0.26815237 -0.28153735 -0.29575963 -0.31087876 -0.32693983 -0.34395507
 -0.36187585 -0.38055561 -0.39971105 -0.41890021 -0.43754591 -0.45502371
 -0.47079043 -0.48447543 -0.49586092 -0.50476771 -0.51095378 -0.51412129
 -0.51403062 -0.51064073 -0.5041919  -0.49519137 -0.48430832 -0.4722242
 -0.45950269 -0.44651852 -0.43344057 -0.42024185 -0.40671572 -0.39250211
 -0.37715636 -0.36030617 -0.34190221 -0.32246541 -0.30311204 -0.28504323
 -0.26833078 -0.2507573  -0.22856282 -0.19933433 -0.16394858 -0.12554571
 -0.08735137 -0.05148923 -0.01894019  0.01005888  0.03563809  0.05805733
  0.07758523  0.09444761  0.10881208  0.12078942  0.13044259  0.13779938
  0.14286771  0.14565413  0.14618654  0.14454229  0.14088226  0.13548903
  0.12880462  0.12145819  0.11427092  0.10822238  0.1043585   0.10361932
  0.10659241  0.11328215  0.12305155  0.1348104   0.14733956  0.15957055
  0.17072895  0.18035805  0.18827579  0.19450645  0.19921005  0.20262011
  0.20499455  0.20658094  0.20759511  0.20821089  0.20855816  0.20872655
  0.20877217  0.20872554  0.20859928  0.20839473  0.20810712  0.20772934
  0.20725429  0.2066763   0.20599176  0.20519932  0.20429967  0.20329532
  0.20219025  0.20098952  0.19969901  0.19832514  0.19687464  0.19535436
  0.19377117  0.19213179  0.19044276  0.18871035  0.18694054  0.18513897
  0.18331094  0.18146139  0.1795949   0.17771574  0.17582779  0.17393465
  0.17203958  0.17014556  0.1682553   0.16637122  0.16449554  0.16263021
  0.16077701  0.15893751  0.15711308  0.15530496  0.15351422  0.1517418
  0.14998851  0.14825503  0.14654197  0.14484982  0.14317897  0.14152977
  0.13990246  0.13829723  0.13671422  0.13515351  0.13361513  0.13209908
  0.1306053   0.12913371  0.1276842   0.12625663  0.12485084  0.12346665
  0.12210385  0.12076222  0.11944153  0.11814154  0.11686199  0.11560261
  0.11436314  0.1131433 ]"
6UZ3,SCN,"[-0.02375432 -0.02535351 -0.02701556 -0.02874331 -0.03053973 -0.03240795
 -0.03435125 -0.0363731  -0.0384771  -0.04066708 -0.04294702 -0.04532113
 -0.04779381 -0.05036968 -0.0530536  -0.05585064 -0.05876614 -0.06180567
 -0.06497506 -0.06828042 -0.07172812 -0.07532483 -0.07907747 -0.08299328
 -0.08707977 -0.09134476 -0.09579634 -0.10044293 -0.10529322 -0.11035622
 -0.11564122 -0.12115785 -0.12691605 -0.13292611 -0.13919873 -0.14574502
 -0.15257665 -0.15970591 -0.16714588 -0.17491063 -0.18301549 -0.19147738
 -0.20031523 -0.20955045 -0.2192075  -0.22931452 -0.23990388 -0.25101265
 -0.26268268 -0.27495986 -0.28789206 -0.30152457 -0.31589172 -0.33100284
 -0.34682106 -0.36323479 -0.38002638 -0.39684976 -0.41323709 -0.42865271
 -0.44258918 -0.45465994 -0.46462537 -0.47233149 -0.47761442 -0.48025454
 -0.48002254 -0.47679151 -0.47064635 -0.46192367 -0.45115577 -0.43894813
 -0.42585198 -0.4122794  -0.39846771 -0.3844708  -0.37015248 -0.35518081
 -0.33906444 -0.32130242 -0.30168308 -0.28064503 -0.25946642 -0.23990598
 -0.22286365 -0.20647021 -0.18603998 -0.15754956 -0.1210651  -0.08008285
 -0.0385937   0.00071337  0.03659555  0.06874912  0.09732527  0.12263276
  0.14499055  0.16466731  0.18186413  0.1967167   0.20930537  0.21966843
  0.22781727  0.23375354  0.2374899   0.23907567  0.23862971  0.23638185
  0.23272261  0.2282556   0.22383577  0.22055847  0.21964875  0.22221687
  0.22892859  0.23975324  0.25396004  0.27036842  0.28768615  0.30476759
  0.3207379   0.33501421  0.34727197  0.35739073  0.36539744  0.37141605
  0.3756267   0.37823533  0.37945254  0.37948021  0.37850393  0.37668947
  0.37418193  0.37110657  0.36757038  0.36366409  0.3594643   0.35503537
  0.35043131  0.34569733  0.34087122  0.33598454  0.33106358  0.32613026
  0.32120278  0.31629621  0.31142302  0.30659348  0.30181598  0.29709735
  0.29244307  0.28785753  0.28334416  0.27890557  0.27454371  0.27025996
  0.26605518  0.26192987  0.25788414  0.25391783  0.25003054  0.24622165
  0.24249038  0.23883582  0.23525691  0.23175254  0.22832148  0.22496248
  0.22167422  0.21845535  0.21530449  0.21222025  0.20920123  0.20624603
  0.20335325  0.20052149  0.19774937  0.19503551  0.19237856  0.18977719
  0.18723007  0.18473592  0.18229347  0.17990146  0.17755867  0.17526391
  0.173016    0.1708138   0.16865619  0.16654207  0.16447038  0.16244007
  0.16045013  0.15849957  0.15658741  0.15471273  0.15287459  0.1510721
  0.1493044   0.14757063]"
7DTC,SCN,"[-1.13485420e-01 -1.16264163e-01 -1.19140276e-01 -1.22118157e-01
 -1.25202436e-01 -1.28397991e-01 -1.31709963e-01 -1.35143766e-01
 -1.38705109e-01 -1.42400006e-01 -1.46234793e-01 -1.50216148e-01
 -1.54351108e-01 -1.58647083e-01 -1.63111877e-01 -1.67753707e-01
 -1.72581217e-01 -1.77603499e-01 -1.82830108e-01 -1.88271080e-01
 -1.93936942e-01 -1.99838729e-01 -2.05987995e-01 -2.12396815e-01
 -2.19077794e-01 -2.26044062e-01 -2.33309274e-01 -2.40887594e-01
 -2.48793683e-01 -2.57042672e-01 -2.65650134e-01 -2.74632050e-01
 -2.84004761e-01 -2.93784928e-01 -3.03989481e-01 -3.14635563e-01
 -3.25740484e-01 -3.37321671e-01 -3.49396619e-01 -3.61982842e-01
 -3.75097808e-01 -3.88758845e-01 -4.02982970e-01 -4.17786590e-01
 -4.33184957e-01 -4.49191232e-01 -4.65814860e-01 -4.83058843e-01
 -5.00915203e-01 -5.19357502e-01 -5.38328792e-01 -5.57722858e-01
 -5.77356905e-01 -5.96936540e-01 -6.16021567e-01 -6.34015456e-01
 -6.50215716e-01 -6.63954192e-01 -6.74799878e-01 -6.82716159e-01
 -6.88053908e-01 -6.91371218e-01 -6.93194612e-01 -6.93848677e-01
 -6.93403249e-01 -6.91718266e-01 -6.88546180e-01 -6.83656467e-01
 -6.76945772e-01 -6.68491204e-01 -6.58521134e-01 -6.47322382e-01
 -6.35136278e-01 -6.22088900e-01 -6.08170608e-01 -5.93258354e-01
 -5.77170042e-01 -5.59744284e-01 -5.40941043e-01 -5.20951922e-01
 -5.00286295e-01 -4.79749004e-01 -4.60146980e-01 -4.41582591e-01
 -4.22642434e-01 -4.00535519e-01 -3.72797166e-01 -3.39158111e-01
 -3.01663641e-01 -2.63234998e-01 -2.26277962e-01 -1.92188858e-01
 -1.61516611e-01 -1.34303759e-01 -1.10361675e-01 -8.94349479e-02
 -7.12826220e-02 -5.57107275e-02 -4.25798786e-02 -3.18011988e-02
 -2.33270001e-02 -1.71387640e-02 -1.32329173e-02 -1.16038519e-02
 -1.22231685e-02 -1.50140741e-02 -1.98203160e-02 -2.63702589e-02
 -3.42391619e-02 -4.28168558e-02 -5.12940799e-02 -5.86881543e-02
 -6.39341756e-02 -6.60603218e-02 -6.44256320e-02 -5.89279190e-02
 -5.00554418e-02 -3.87344478e-02 -2.60604924e-02 -1.30523015e-02
 -5.05955527e-04  1.10515198e-02  2.13438324e-02  3.02953755e-02
  3.79714222e-02  4.45215045e-02  5.01327923e-02  5.49960068e-02
  5.92835445e-02  6.31378843e-02  6.66677498e-02  6.99495215e-02
  7.30317419e-02  7.59410210e-02  7.86881339e-02  8.12735445e-02
  8.36919533e-02  8.59357433e-02  8.79973771e-02  8.98708986e-02
  9.15527318e-02  9.30419683e-02  9.43403117e-02  9.54518120e-02
  9.63824926e-02  9.71399393e-02  9.77328964e-02  9.81708985e-02
  9.84639498e-02  9.86222574e-02  9.86560155e-02  9.85752374e-02
  9.83896303e-02  9.81085036e-02  9.77407084e-02  9.72945986e-02
  9.67780117e-02  9.61982638e-02  9.55621544e-02  9.48759800e-02
  9.41455529e-02  9.33762234e-02  9.25729052e-02  9.17401006e-02
  9.08819277e-02  9.00021461e-02  8.91041828e-02  8.81911567e-02
  8.72659023e-02  8.63309917e-02  8.53887558e-02  8.44413040e-02
  8.34905420e-02  8.25381892e-02  8.15857944e-02  8.06347499e-02
  7.96863055e-02  7.87415803e-02  7.78015745e-02  7.68671792e-02
  7.59391867e-02  7.50182987e-02  7.41051345e-02  7.32002385e-02
  7.23040865e-02  7.14170925e-02  7.05396138e-02  6.96719564e-02
  6.88143796e-02  6.79671005e-02  6.71302976e-02  6.63041148e-02
  6.54886643e-02  6.46840299e-02  6.38902698e-02  6.31074187e-02
  6.23354905e-02  6.15744802e-02  6.08243658e-02  6.00851103e-02]"
7FBS,SCN,"[-0.00256306 -0.00385068 -0.00519347 -0.00659404 -0.00805517 -0.00957976
 -0.0111709  -0.01283182 -0.01456596 -0.01637692 -0.01826854 -0.02024485
 -0.02231011 -0.02446884 -0.02672581 -0.02908605 -0.0315549  -0.034138
 -0.03684134 -0.03967122 -0.04263436 -0.04573783 -0.04898916 -0.0523963
 -0.05596772 -0.05971236 -0.06363974 -0.06775996 -0.07208375 -0.07662253
 -0.08138847 -0.08639452 -0.09165453 -0.09718331 -0.1029967  -0.10911176
 -0.11554683 -0.12232172 -0.12945791 -0.13697877 -0.14490981 -0.15327903
 -0.16211725 -0.17145855 -0.18134071 -0.19180568 -0.20289988 -0.21467434
 -0.22718421 -0.24048726 -0.2546405  -0.26969372 -0.28567851 -0.30259107
 -0.32036847 -0.33886083 -0.35780778 -0.37683469 -0.39548411 -0.41328125
 -0.42979788 -0.44465805 -0.4574635  -0.46769641 -0.47470759 -0.47785128
 -0.47671302 -0.47129686 -0.46206934 -0.44985207 -0.43562241 -0.42030179
 -0.40460187 -0.38896065 -0.37355329 -0.3583395  -0.34311769 -0.32758207
 -0.31140691 -0.29439249 -0.27666573 -0.25882777 -0.24183323 -0.22637233
 -0.21180824 -0.19549233 -0.17376396 -0.1444761  -0.10861533 -0.06939218
 -0.03017782  0.00674441  0.04028888  0.07017718  0.09653961  0.11965628
  0.1398224   0.15729013  0.17225049  0.18483397  0.19511917  0.20314474
  0.20892299  0.21245564  0.21375238  0.21285397  0.2098613   0.20497164
  0.19852149  0.19103162  0.18324195  0.17611119  0.17074355  0.16820925
  0.16927509  0.17415101  0.18240361  0.19310113  0.20509826  0.21730622
  0.22885746  0.23916234  0.24789569  0.25494968  0.26037607  0.26433027
  0.26702324  0.26868387  0.26953242  0.26976395  0.26954022  0.2689878
  0.26820039  0.26724349  0.26616016  0.26497657  0.26370715  0.26235867
  0.26093347  0.25943168  0.25785283  0.25619672  0.254464    0.25265631
  0.25077632  0.24882767  0.24681472  0.24474247  0.24261629  0.24044181
  0.23822476  0.23597084  0.23368565  0.2313746   0.22904286  0.22669532
  0.22433656  0.22197088  0.21960224  0.21723427  0.21487032  0.21251343
  0.21016635  0.20783159  0.20551136  0.20320768  0.20092233  0.19865686
  0.19641268  0.194191    0.19199285  0.18981916  0.18767068  0.18554807
  0.18345186  0.18138249  0.1793403   0.17732556  0.17533845  0.17337908
  0.17144752  0.16954377  0.16766777  0.16581944  0.16399866  0.16220524
  0.160439    0.15869972  0.15698714  0.15530101  0.15364102  0.15200689
  0.1503983   0.14881491  0.14725639  0.1457224   0.14421259  0.14272659
  0.14126405  0.1398246 ]"
6AGF,SCN,"[-0.12574655 -0.12844961 -0.13124088 -0.13412412 -0.13710327 -0.14018247
 -0.14336609 -0.14665871 -0.15006513 -0.15359042 -0.15723991 -0.16101921
 -0.16493419 -0.16899106 -0.17319635 -0.1775569  -0.18207993 -0.18677303
 -0.19164418 -0.19670178 -0.20195464 -0.20741203 -0.21308372 -0.21897993
 -0.22511142 -0.23148948 -0.23812597 -0.24503333 -0.25222461 -0.25971351
 -0.26751438 -0.27564228 -0.28411301 -0.29294315 -0.30215011 -0.31175217
 -0.32176859 -0.33221967 -0.34312684 -0.35451282 -0.3664018  -0.3788196
 -0.39179396 -0.40535485 -0.4195349  -0.43436985 -0.44989923 -0.46616698
 -0.48322233 -0.50112046 -0.51992301 -0.53969762 -0.56051538 -0.58244397
 -0.60553187 -0.62977593 -0.65505893 -0.68103926 -0.70698121 -0.7315609
 -0.7528076  -0.76847648 -0.77696983 -0.7782306  -0.77371829 -0.76550753
 -0.7554187  -0.74470427 -0.73413394 -0.72417414 -0.71511073 -0.70709482
 -0.70013951 -0.69409756 -0.68864033 -0.68325198 -0.67725287 -0.66987292
 -0.66040077 -0.64841753 -0.63406112 -0.61816586 -0.60202751 -0.58654225
 -0.57084608 -0.55161772 -0.52471748 -0.48848275 -0.44512384 -0.39886023
 -0.35341247 -0.31097287 -0.27241137 -0.23781962 -0.20694137 -0.17941875
 -0.15490782 -0.13312203 -0.11384128 -0.09690647 -0.08220872 -0.06967727
 -0.05926681 -0.05094432 -0.04467498 -0.04040663 -0.03805286 -0.03747546
 -0.03846786 -0.04074233 -0.04392481 -0.04756159 -0.05114171 -0.05413592
 -0.05604822 -0.05646994 -0.05512365 -0.05188736 -0.04679688 -0.04003038
 -0.03188072 -0.02271876 -0.01295039 -0.00297194  0.00686834  0.01629531
  0.02511584  0.03321386  0.04053722  0.04708152  0.05287473  0.05796444
  0.06240825  0.06626694  0.0696001   0.07246346  0.07490767  0.07697784
  0.07871381  0.08015054  0.08131879  0.08224572  0.08295545  0.08346958
  0.08380753  0.08398689  0.08402367  0.08393245  0.08372656  0.08341818
  0.08301845  0.08253757  0.08198482  0.0813687   0.08069694  0.07997657
  0.07921398  0.07841497  0.07758479  0.07672821  0.07584951  0.07495258
  0.07404092  0.07311766  0.07218563  0.07124739  0.07030519  0.06936108
  0.06841689  0.06747422  0.06653452  0.06559908  0.06466903  0.06374537
  0.06282898  0.06192064  0.06102102  0.0601307   0.0592502   0.05837994
  0.05752028  0.05667155  0.05583399  0.05500781  0.05419318  0.05339022
  0.05259902  0.05181964  0.05105211  0.05029644  0.04955261  0.04882059
  0.04810032  0.04739174  0.04669476  0.04600928  0.0453352   0.04467241
  0.04402078  0.04338018]"
7DTD,SCN,"[-0.05674786 -0.05814596 -0.05959216 -0.06108861 -0.0626376  -0.06424151
 -0.06590289 -0.06762441 -0.06940889 -0.07125932 -0.07317887 -0.07517088
 -0.07723886 -0.07938658 -0.08161799 -0.08393728 -0.08634888 -0.08885752
 -0.09146817 -0.0941861  -0.09701693 -0.09996657 -0.1030413  -0.10624778
 -0.10959303 -0.11308452 -0.1167301  -0.12053811 -0.12451733 -0.12867701
 -0.1330269  -0.13757727 -0.14233889 -0.14732307 -0.15254168 -0.15800718
 -0.16373265 -0.16973191 -0.17601963 -0.18261153 -0.18952475 -0.1967783
 -0.20439382 -0.2123965  -0.22081652 -0.22969075 -0.23906499 -0.24899655
 -0.2595571  -0.27083548 -0.28293982 -0.29599815 -0.31015601 -0.32556896
 -0.34238655 -0.3607223  -0.38060078 -0.40186921 -0.42406159 -0.44622715
 -0.46681154 -0.48380534 -0.49537353 -0.50075682 -0.50068965 -0.49689785
 -0.49120836 -0.48499734 -0.47911366 -0.47403116 -0.47001    -0.46718341
 -0.46557187 -0.46505564 -0.46533674 -0.46591373 -0.46608896 -0.46503209
 -0.4619276  -0.45621301 -0.44784613 -0.43744714 -0.42611147 -0.41472484
 -0.40286155 -0.38808133 -0.36702143 -0.33810717 -0.30306049 -0.2655821
 -0.22911508 -0.19575677 -0.1663507  -0.14097478 -0.11935826 -0.10112933
 -0.08593434 -0.07348371 -0.06356194 -0.05602215 -0.05077467 -0.04777382
 -0.04700407 -0.04846515 -0.05215555 -0.05805308 -0.06609111 -0.07612881
 -0.08791377 -0.10103602 -0.11487726 -0.1285707  -0.14100867 -0.1509544
 -0.15729192 -0.1593491  -0.15711381 -0.1511924  -0.14254986 -0.13221018
 -0.12105385 -0.10973445 -0.09867574 -0.08810822 -0.07811994 -0.06870747
 -0.05981971 -0.05139071 -0.04336078 -0.03568698 -0.02834577 -0.0213305
 -0.01464649 -0.00830569 -0.00232187  0.00329283  0.00853022  0.01338716
  0.01786572  0.02197294  0.02572001  0.0291215   0.03219443  0.03495747
  0.03743021  0.0396326   0.04158447  0.04330514  0.04481324  0.04612648
  0.04726157  0.04823414  0.04905876  0.04974889  0.05031699  0.05077449
  0.0511319   0.05139882  0.05158404  0.05169559  0.05174076  0.05172623
  0.05165804  0.05154173  0.05138229  0.05118431  0.05095191  0.05068886
  0.05039859  0.0500842   0.04974851  0.04939409  0.04902327  0.04863814
  0.04824065  0.04783251  0.04741532  0.04699049  0.04655934  0.04612303
  0.04568264  0.04523912  0.04479335  0.04434611  0.04389813  0.04345003
  0.04300241  0.04255579  0.04211062  0.04166734  0.04122633  0.04078791
  0.04035238  0.03992003  0.03949108  0.03906574  0.0386442   0.03822661
  0.03781312  0.03740385]"
6J8E,SCN,"[-0.16982043 -0.17291195 -0.17609884 -0.17938506 -0.18277472 -0.18627217
 -0.18988194 -0.1936088  -0.19745772 -0.20143393 -0.20554287 -0.20979026
 -0.21418206 -0.21872449 -0.22342402 -0.22828743 -0.23332171 -0.23853413
 -0.24393222 -0.24952374 -0.25531665 -0.26131912 -0.26753947 -0.27398612
 -0.28066755 -0.28759225 -0.29476859 -0.30220479 -0.30990878 -0.31788811
 -0.32614984 -0.33470039 -0.34354551 -0.3526901  -0.36213828 -0.37189333
 -0.38195781 -0.39233379 -0.40302315 -0.41402809 -0.42535176 -0.43699907
 -0.44897762 -0.46129882 -0.47397899 -0.48704049 -0.50051288 -0.51443382
 -0.52884968 -0.54381573 -0.55939533 -0.5756578  -0.59267387 -0.61050752
 -0.62920216 -0.64875865 -0.66910198 -0.69003378 -0.71117098 -0.73188053
 -0.75124179 -0.76809788 -0.78126264 -0.7898701  -0.79369536 -0.79321699
 -0.78937956 -0.78325505 -0.77581045 -0.76782534 -0.75988976 -0.7524128
 -0.74561573 -0.73951443 -0.73390556 -0.72837066 -0.7223141  -0.7150556
 -0.70599941 -0.69487679 -0.68198674 -0.66825618 -0.65486688 -0.64227166
 -0.62891926 -0.61099274 -0.58452796 -0.54862905 -0.50625732 -0.46195045
 -0.41937604 -0.38053332 -0.34610472 -0.31604347 -0.29000173 -0.26756482
 -0.24835673 -0.23207698 -0.21850555 -0.20749446 -0.19895482 -0.19284241
 -0.18914263 -0.18785437 -0.18897162 -0.19246199 -0.19824078 -0.20613972
 -0.2158702  -0.22698166 -0.23882035 -0.25050278 -0.26093568 -0.2689297
 -0.27343532 -0.27384272 -0.27018152 -0.26307522 -0.25348094 -0.24238787
 -0.23061602 -0.21874204 -0.20711049 -0.19588386 -0.18510189 -0.17473551
 -0.16472901 -0.15502848 -0.14559734 -0.13642154 -0.1275078  -0.11887802
 -0.1105626  -0.10259419 -0.09500288 -0.08781298 -0.0810413  -0.0746967
 -0.06878038 -0.06328687 -0.0582051  -0.05351972 -0.04921223 -0.04526207
 -0.04164745 -0.03834616 -0.03533604 -0.03259547 -0.03010359 -0.02784058
 -0.02578774 -0.02392755 -0.0222437  -0.02072108 -0.01934574 -0.01810484
 -0.01698659 -0.01598017 -0.01507569 -0.0142641  -0.01353716 -0.0128873
 -0.01230766 -0.01179195 -0.01133446 -0.01092994 -0.01057366 -0.01026125
 -0.00998877 -0.00975258 -0.00954941 -0.00937623 -0.00923029 -0.00910909
 -0.00901032 -0.00893191 -0.00887192 -0.00882862 -0.0088004  -0.00878579
 -0.00878347 -0.0087922  -0.00881086 -0.00883844 -0.00887399 -0.00891666
 -0.00896566 -0.00902028 -0.00907985 -0.00914378 -0.00921152 -0.00928257
 -0.00935646 -0.00943278 -0.00951115 -0.00959122 -0.00967266 -0.00975519
 -0.00983854 -0.00992247]"
6J8G,SCN,"[ 2.47489636e-02  2.39070287e-02  2.30204957e-02  2.20870040e-02
  2.11040543e-02  2.00690004e-02  1.89790402e-02  1.78312060e-02
  1.66223552e-02  1.53491596e-02  1.40080949e-02  1.25954290e-02
  1.11072111e-02  9.53925892e-03  7.88714697e-03  6.14619317e-03
  4.31144600e-03  2.37767084e-03  3.39336024e-04 -1.80940170e-03
 -4.07471235e-03 -6.46310900e-03 -8.98146548e-03 -1.16370364e-02
 -1.44374804e-02 -1.73908884e-02 -2.05058191e-02 -2.37913442e-02
 -2.72571083e-02 -3.09134087e-02 -3.47713018e-02 -3.88427457e-02
 -4.31407910e-02 -4.76798321e-02 -5.24759369e-02 -5.75472733e-02
 -6.29146510e-02 -6.86022003e-02 -7.46382041e-02 -8.10560936e-02
 -8.78956075e-02 -9.52040907e-02 -1.03037878e-01 -1.11463656e-01
 -1.20559611e-01 -1.30416078e-01 -1.41135220e-01 -1.52829122e-01
 -1.65615478e-01 -1.79610021e-01 -1.94915050e-01 -2.11604018e-01
 -2.29702862e-01 -2.49168518e-01 -2.69861656e-01 -2.91502782e-01
 -3.13591999e-01 -3.35277372e-01 -3.55197883e-01 -3.71415878e-01
 -3.81641456e-01 -3.83887795e-01 -3.77361780e-01 -3.63032790e-01
 -3.43446592e-01 -3.21913121e-01 -3.01526580e-01 -2.84389158e-01
 -2.71281703e-01 -2.61875077e-01 -2.55271800e-01 -2.50506513e-01
 -2.46803173e-01 -2.43615976e-01 -2.40554021e-01 -2.37261172e-01
 -2.33298089e-01 -2.28085459e-01 -2.20988039e-01 -2.11583579e-01
 -2.00018299e-01 -1.87169687e-01 -1.74291554e-01 -1.61996939e-01
 -1.48938124e-01 -1.31454612e-01 -1.05586760e-01 -7.02976603e-02
 -2.83772231e-02  1.57475463e-02  5.84564753e-02  9.77741757e-02
  1.33045630e-01  1.64355211e-01  1.92096501e-01  2.16735564e-01
  2.38704391e-01  2.58364211e-01  2.76001528e-01  2.91837653e-01
  3.06042913e-01  3.18752064e-01  3.30079915e-01  3.40137131e-01
  3.49046207e-01  3.56956840e-01  3.64058359e-01  3.70584246e-01
  3.76800568e-01  3.82968005e-01  3.89270322e-01  3.95717102e-01
  4.02058051e-01  4.07776931e-01  4.12226143e-01  4.14880332e-01
  4.15568032e-01  4.14520060e-01  4.12215585e-01  4.09162180e-01
  4.05750320e-01  4.02218928e-01  3.98689255e-01  3.95213720e-01
  3.91810714e-01  3.88480501e-01  3.85209206e-01  3.81969467e-01
  3.78722931e-01  3.75425701e-01  3.72035229e-01  3.68516463e-01
  3.64845746e-01  3.61012069e-01  3.57016116e-01  3.52867980e-01
  3.48584369e-01  3.44185932e-01  3.39695035e-01  3.35134104e-01
  3.30524512e-01  3.25885913e-01  3.21235913e-01  3.16589973e-01
  3.11961456e-01  3.07361765e-01  3.02800520e-01  2.98285750e-01
  2.93824087e-01  2.89420945e-01  2.85080682e-01  2.80806755e-01
  2.76601840e-01  2.72467952e-01  2.68406540e-01  2.64418575e-01
  2.60504618e-01  2.56664887e-01  2.52899309e-01  2.49207569e-01
  2.45589146e-01  2.42043349e-01  2.38569347e-01  2.35166191e-01
  2.31832840e-01  2.28568177e-01  2.25371022e-01  2.22240153e-01
  2.19174307e-01  2.16172202e-01  2.13232534e-01  2.10353994e-01
  2.07535265e-01  2.04775034e-01  2.02071996e-01  1.99424853e-01
  1.96832320e-01  1.94293128e-01  1.91806027e-01  1.89369785e-01
  1.86983191e-01  1.84645056e-01  1.82354213e-01  1.80109520e-01
  1.77909858e-01  1.75754133e-01  1.73641274e-01  1.71570237e-01
  1.69540001e-01  1.67549569e-01  1.65597970e-01  1.63684255e-01
  1.61807500e-01  1.59966805e-01  1.58161292e-01  1.56390105e-01
  1.54652413e-01  1.52947405e-01  1.51274290e-01  1.49632301e-01]"
6J8H,SCN,"[ 2.47500214e-02  2.39081204e-02  2.30216227e-02  2.20881679e-02
  2.11052566e-02  2.00702429e-02  1.89803245e-02  1.78325340e-02
  1.66237290e-02  1.53505813e-02  1.40095665e-02  1.25969530e-02
  1.11087898e-02  9.54089515e-03  7.88884338e-03  6.14795271e-03
  4.31327177e-03  2.37956614e-03  3.41304369e-04 -1.80735657e-03
 -4.07258648e-03 -6.46089813e-03 -8.97916510e-03 -1.16346416e-02
 -1.44349861e-02 -1.73882890e-02 -2.05031086e-02 -2.37885162e-02
 -2.72541558e-02 -3.09103242e-02 -3.47680770e-02 -3.88393717e-02
 -4.31372581e-02 -4.76761294e-02 -5.24720527e-02 -5.75431943e-02
 -6.29103627e-02 -6.85976865e-02 -7.46334463e-02 -8.10510712e-02
 -8.78902968e-02 -9.51984647e-02 -1.03031906e-01 -1.11457300e-01
 -1.20552830e-01 -1.30408819e-01 -1.41127420e-01 -1.52820704e-01
 -1.65606345e-01 -1.79600051e-01 -1.94904092e-01 -2.11591884e-01
 -2.29689327e-01 -2.49153317e-01 -2.69844494e-01 -2.91483357e-01
 -3.13570050e-01 -3.35252770e-01 -3.55170766e-01 -3.71386803e-01
 -3.81611446e-01 -3.83858138e-01 -3.77333598e-01 -3.63006662e-01
 -3.43422537e-01 -3.21890918e-01 -3.01506149e-01 -2.84370688e-01
 -2.71265486e-01 -2.61861271e-01 -2.55260349e-01 -2.50497227e-01
 -2.46795854e-01 -2.43610499e-01 -2.40550372e-01 -2.37259468e-01
 -2.33298614e-01 -2.28088734e-01 -2.20994913e-01 -2.11595327e-01
 -2.00036681e-01 -1.87196894e-01 -1.74329948e-01 -1.62048451e-01
 -1.49003170e-01 -1.31530716e-01 -1.05668065e-01 -7.03767225e-02
 -2.84481026e-02  1.56875928e-02  5.84074550e-02  9.77346746e-02
  1.33013859e-01  1.64329530e-01  1.92075601e-01  2.16718468e-01
  2.38690404e-01  2.58352860e-01  2.75992511e-01  2.91830797e-01
  3.06038148e-01  3.18749400e-01  3.30079433e-01  3.40138977e-01
  3.49050580e-01  3.56963995e-01  3.64068597e-01  3.70597900e-01
  3.76817979e-01  3.82989465e-01  3.89295991e-01  3.95746857e-01
  4.02091276e-01  4.07812303e-01  4.12261564e-01  4.14913213e-01
  4.15595917e-01  4.14541273e-01  4.12229545e-01  4.09169277e-01
  4.05751566e-01  4.02215593e-01  3.98682613e-01  3.95204917e-01
  3.91800713e-01  3.88470075e-01  3.85198951e-01  3.81959819e-01
  3.78714185e-01  3.75418032e-01  3.72028715e-01  3.68511105e-01
  3.64841494e-01  3.61008835e-01  3.57013795e-01  3.52866457e-01
  3.48583533e-01  3.44185677e-01  3.39695265e-01  3.35134734e-01
  3.30525468e-01  3.25887131e-01  3.21237339e-01  3.16591561e-01
  3.11963169e-01  3.07363571e-01  3.02802393e-01  2.98287668e-01
  2.93826032e-01  2.89422901e-01  2.85082640e-01  2.80808703e-01
  2.76603770e-01  2.72469859e-01  2.68408419e-01  2.64420421e-01
  2.60506429e-01  2.56666660e-01  2.52901043e-01  2.49209263e-01
  2.45590799e-01  2.42044960e-01  2.38570916e-01  2.35167719e-01
  2.31834328e-01  2.28569624e-01  2.25372430e-01  2.22241521e-01
  2.19175637e-01  2.16173494e-01  2.13233790e-01  2.10355214e-01
  2.07536450e-01  2.04776187e-01  2.02073116e-01  1.99425940e-01
  1.96833377e-01  1.94294155e-01  1.91807026e-01  1.89370755e-01
  1.86984134e-01  1.84645972e-01  1.82355104e-01  1.80110387e-01
  1.77910701e-01  1.75754953e-01  1.73642072e-01  1.71571013e-01
  1.69540756e-01  1.67550304e-01  1.65598685e-01  1.63684951e-01
  1.61808178e-01  1.59967466e-01  1.58161935e-01  1.56390733e-01
  1.54653025e-01  1.52948001e-01  1.51274871e-01  1.49632867e-01]"
6J8I,SCN,"[ 0.02622056  0.02541579  0.02456776  0.02367419  0.02273262  0.02174048
  0.02069503  0.01959339  0.01843248  0.01720906  0.01591969  0.01456071
  0.01312828  0.01161829  0.01002644  0.00834813  0.00657853  0.00471251
  0.00274466  0.00066925 -0.00151974 -0.0038287  -0.00626436 -0.00883381
 -0.01154454 -0.01440445 -0.0174219  -0.02060571 -0.02396525 -0.02751049
 -0.03125209 -0.0352015  -0.03937118 -0.04377475 -0.04842733 -0.05334587
 -0.05854966 -0.06406091 -0.06990549 -0.07611384 -0.08272201 -0.08977283
 -0.09731721 -0.10541536 -0.11413798 -0.12356691 -0.13379514 -0.1449255
 -0.15706745 -0.17033119 -0.1848186  -0.20061045 -0.21775011 -0.23622295
 -0.25592823 -0.27663396 -0.29789781 -0.31894024 -0.33848853 -0.35468873
 -0.36527386 -0.36814974 -0.36227652 -0.34834186 -0.32872271 -0.30673887
 -0.28564123 -0.2677684  -0.25413312 -0.24454744 -0.23813101 -0.23384761
 -0.23082274 -0.22842703 -0.22621775 -0.22381899 -0.22079405 -0.2165688
 -0.21048425 -0.20203244 -0.19120612 -0.17871479 -0.16574384 -0.15306321
 -0.13973209 -0.12254954 -0.09772999 -0.06399058 -0.02369533  0.01902441
  0.06063477  0.09912352  0.13376441  0.16457748  0.19190909  0.21619351
  0.23784221  0.25720345  0.27455547  0.29011414  0.30404582  0.31648192
  0.32753388  0.3373086   0.34592417  0.35352535  0.36029654  0.36646764
  0.37230494  0.37807707  0.3839887   0.39008826  0.39618347  0.40182623
  0.40642309  0.40945691  0.41070215  0.41029211  0.40860701  0.40608742
  0.40309638  0.39987392  0.39655601  0.39321313  0.38988041  0.38657273
  0.38328916  0.3800141   0.37671974  0.37337111  0.36993257  0.36637379
  0.3626738   0.35882257  0.35482054  0.35067682  0.34640674  0.34202944
  0.33756582  0.33303701  0.32846323  0.32386319  0.31925368  0.31464952
  0.31006356  0.30550679  0.30098848  0.29651642  0.29209701  0.28773552
  0.28343618  0.27920236  0.27503666  0.27094106  0.26691696  0.26296531
  0.25908668  0.25528128  0.25154904  0.24788966  0.24430263  0.24078728
  0.23734279  0.23396825  0.23066264  0.22742486  0.22425376  0.22114814
  0.21810676  0.21512838  0.2122117   0.20935545  0.20655833  0.20381906
  0.20113634  0.19850891  0.1959355   0.19341486  0.19094577  0.188527
  0.18615738  0.18383572  0.18156088  0.17933173  0.17714717  0.17500612
  0.17290753  0.17085037  0.16883362  0.16685631  0.16491747  0.16301617
  0.1611515   0.15932257  0.15752851  0.15576848  0.15404165  0.15234722
  0.15068442  0.14905248]"
6J8J,SCN,"[ 0.02622085  0.02541609  0.02456807  0.0236745   0.02273294  0.02174081
  0.02069537  0.01959374  0.01843284  0.01720943  0.01592007  0.0145611
  0.01312868  0.01161871  0.01002687  0.00834858  0.006579    0.00471299
  0.00274516  0.00066978 -0.00151919 -0.00382812 -0.00626375 -0.00883317
 -0.01154386 -0.01440374 -0.01742114 -0.02060491 -0.0239644  -0.02750959
 -0.03125112 -0.03520046 -0.03937006 -0.04377355 -0.04842603 -0.05334446
 -0.05854813 -0.06405923 -0.06990365 -0.07611183 -0.08271979 -0.08977038
 -0.09731449 -0.10541234 -0.1141346  -0.1235631  -0.13379084 -0.14492063
 -0.15706191 -0.17032488 -0.1848114  -0.20060227 -0.21774087 -0.2362126
 -0.25591682 -0.27662157 -0.29788461 -0.31892645 -0.33847439 -0.35467449
 -0.36525981 -0.36813625 -0.36226412 -0.34833129 -0.32871502 -0.30673517
 -0.28564245 -0.2677748  -0.25414417 -0.24456205 -0.23814797 -0.23386592
 -0.23084172 -0.22844629 -0.22623715 -0.22383862 -0.22081415 -0.21658977
 -0.21050662 -0.20205676 -0.1912328  -0.17874378 -0.16577408 -0.15309194
 -0.13975456 -0.1225603  -0.0977259  -0.06397304 -0.0236691   0.01905424
  0.06066467  0.09915167  0.13379013  0.16460072  0.19193003  0.21621244
  0.2378594   0.25721915  0.27456988  0.29012743  0.30405813  0.31649337
  0.32754457  0.3373186   0.34593356  0.35353419  0.3603049   0.36647557
  0.37231249  0.37808431  0.38399566  0.39009498  0.39618997  0.40183251
  0.40642913  0.40946267  0.41070759  0.41029715  0.40861159  0.40609149
  0.40309991  0.3998769   0.39655849  0.39321516  0.38988207  0.3865741
  0.38329031  0.38001508  0.37672057  0.37337179  0.36993309  0.36637414
  0.36267396  0.35882253  0.3548203   0.35067639  0.34640612  0.34202864
  0.33756488  0.33303594  0.32846206  0.32386192  0.31925234  0.31464813
  0.31006214  0.30550533  0.30098701  0.29651493  0.29209552  0.28773404
  0.28343471  0.2792009   0.27503522  0.27093964  0.26691556  0.26296394
  0.25908534  0.25527996  0.25154775  0.24788839  0.24430138  0.24078606
  0.2373416   0.23396709  0.2306615   0.22742375  0.22425267  0.22114708
  0.21810573  0.21512737  0.21221071  0.20935449  0.20655739  0.20381814
  0.20113544  0.19850803  0.19593464  0.19341402  0.19094494  0.1885262
  0.18615659  0.18383495  0.18156013  0.17933099  0.17714645  0.17500542
  0.17290685  0.17084969  0.16883296  0.16685566  0.16491684  0.16301555
  0.1611509   0.15932198  0.15752793  0.15576791  0.15404109  0.15234668
  0.15068388  0.14905195]"
6NT3,SCN,"[-0.15921786 -0.16262789 -0.16614875 -0.16978518 -0.17354217 -0.17742497
 -0.18143911 -0.1855904  -0.18988499 -0.19432933 -0.19893024 -0.20369492
 -0.20863095 -0.21374636 -0.21904962 -0.22454968 -0.23025603 -0.2361787
 -0.24232832 -0.2487162  -0.25535431 -0.26225541 -0.26943307 -0.27690178
 -0.28467703 -0.29277539 -0.30121469 -0.31001408 -0.31919429 -0.32877774
 -0.33878883 -0.34925418 -0.36020295 -0.37166723 -0.38368247 -0.396288
 -0.40952763 -0.4234504  -0.43811139 -0.45357272 -0.46990481 -0.48718782
 -0.50551345 -0.52498733 -0.54573202 -0.56789115 -0.5916351  -0.61716911
 -0.64474475 -0.67467646 -0.70736493 -0.74332971 -0.78325433 -0.8280501
 -0.87895604 -0.93772083 -1.00692093 -1.08998883 -1.18692343 -1.27125651
 -1.27447697 -1.19837254 -1.11370481 -1.04700759 -0.99687916 -0.95813487
 -0.92685942 -0.90057967 -0.87783678 -0.85780694 -0.84001303 -0.82410897
 -0.80972069 -0.79633097 -0.78320412 -0.76936286 -0.75364628 -0.73488038
 -0.71216606 -0.68523777 -0.65478694 -0.62256121 -0.59090306 -0.56140814
 -0.53323815 -0.50293108 -0.4667115  -0.42326457 -0.37426234 -0.32273855
 -0.27136428 -0.22177206 -0.17467949 -0.13026022 -0.08848215 -0.04935955
 -0.0131372   0.01959639  0.04792819  0.07085951  0.08774017  0.09864354
  0.10437604  0.10612571  0.10506122  0.10213335  0.09809594  0.09364296
  0.08956243  0.08683448  0.08660817  0.09000926  0.09781165  0.11014047
  0.12643154  0.14571542  0.16704389  0.18980553  0.21382116  0.23925069
  0.2663273   0.29477761  0.32264193  0.34471132  0.3530896   0.34323653
  0.3196295   0.29163991  0.2664874   0.24737757  0.23465414  0.22716006
  0.22324491  0.22139152  0.22047815  0.21979151  0.21893396  0.21771748
  0.21608012  0.21402967  0.21160873  0.2088741   0.2058853   0.20269838
  0.19936317  0.19592223  0.19241098  0.18885832  0.18528748  0.18171695
  0.17816139  0.17463235  0.17113892  0.16768833  0.16428625  0.16093721
  0.15764479  0.1544118   0.15124045  0.1481324   0.14508889  0.14211077
  0.13919853  0.13635238  0.13357228  0.13085793  0.12820884  0.12562434
  0.12310359  0.12064564  0.11824941  0.11591375  0.1136374   0.11141908
  0.10925743  0.10715109  0.10509864  0.10309869  0.10114983  0.09925064
  0.09739974  0.09559574  0.0938373   0.09212308  0.09045178  0.08882212
  0.08723285  0.08568278  0.08417071  0.08269552  0.08125608  0.07985133
  0.07848022  0.07714174  0.07583493  0.07455882  0.07331252  0.07209515
  0.07090584  0.06974378]"
6NT4,SCN,"[-0.16499078 -0.16850824 -0.17213896 -0.1758877  -0.17975949 -0.18375958
 -0.18789352 -0.19216713 -0.19658654 -0.2011582  -0.20588891 -0.21078582
 -0.21585647 -0.22110882 -0.22655126 -0.23219264 -0.23804232 -0.24411019
 -0.25040673 -0.25694301 -0.26373081 -0.27078259 -0.27811164 -0.28573211
 -0.2936591  -0.30190876 -0.31049843 -0.31944673 -0.32877379 -0.33850138
 -0.34865316 -0.35925493 -0.37033496 -0.38192435 -0.39405746 -0.40677241
 -0.42011174 -0.43412308 -0.44886004 -0.46438332 -0.48076198 -0.4980751
 -0.5164139  -0.53588449 -0.55661151 -0.57874306 -0.60245741 -0.6279722
 -0.65555679 -0.6855488  -0.71837509 -0.75457676 -0.79483481 -0.83998738
 -0.89101332 -0.94889847 -1.01404896 -1.08399806 -1.14689738 -1.1767065
 -1.15790671 -1.11106758 -1.06171075 -1.0194464  -0.98485927 -0.95622254
 -0.93179693 -0.91034004 -0.89109885 -0.87366319 -0.85779425 -0.84327007
 -0.82976108 -0.81673606 -0.80340152 -0.78869137 -0.77133493 -0.75002658
 -0.72369548 -0.69184894 -0.65496023 -0.61482935 -0.57456881 -0.53739261
 -0.50404096 -0.47142537 -0.43508459 -0.39281771 -0.34554252 -0.2956969
 -0.24557112 -0.19664142 -0.14963035 -0.10480433 -0.06226472 -0.02217815
  0.01505181  0.04869369  0.07775161  0.10125293  0.11868053  0.13026192
  0.13687122  0.13964507  0.13962937  0.13764508  0.13434874  0.13038507
  0.1265438   0.12384836  0.12349846  0.12661156  0.13382446  0.14498829
  0.15921066  0.17524709  0.19196647  0.20862462  0.22489503  0.24075172
  0.25628146  0.27140327  0.28541062  0.2964309   0.30160039  0.2991491
  0.29094581  0.28139864  0.27378255  0.26884731  0.26589154  0.26395977
  0.2623342   0.26058814  0.2585083   0.2560133   0.25309655  0.24979094
  0.24614813  0.24222664  0.23808509  0.23377848  0.22935632  0.22486179
  0.22033161  0.21579634  0.21128087  0.2068051   0.20238459  0.19803126
  0.19375403  0.18955938  0.18545182  0.18143432  0.17750865  0.17367563
  0.16993538  0.16628747  0.16273105  0.15926496  0.15588782  0.15259805
  0.14939394  0.14627371  0.14323547  0.14027733  0.13739732  0.13459349
  0.13186386  0.12920645  0.12661932  0.1241005   0.12164809  0.11926019
  0.11693492  0.11467046  0.11246501  0.11031682  0.10822418  0.10618541
  0.10419889  0.10226302  0.10037627  0.09853715  0.0967442   0.09499601
  0.09329123  0.09162853  0.09000663  0.0884243   0.08688034  0.0853736
  0.08390295  0.08246732  0.08106567  0.07969698  0.07836028  0.07705463
  0.07577911  0.07453286]"
7TJ8,SCN,"[-0.01852495 -0.02029919 -0.02215122 -0.02408498 -0.02610468 -0.02821473
 -0.03041984 -0.03272499 -0.03513544 -0.03765678 -0.04029493 -0.04305616
 -0.04594712 -0.04897485 -0.05214681 -0.05547089 -0.05895545 -0.06260934
 -0.06644191 -0.07046301 -0.07468308 -0.0791131  -0.08376461 -0.08864976
 -0.09378129 -0.0991725  -0.10483731 -0.11079017 -0.11704605 -0.12362044
 -0.13052919 -0.13778852 -0.14541487 -0.15342475 -0.1618346  -0.17066056
 -0.17991825 -0.18962247 -0.19978684 -0.21042346 -0.22154245 -0.23315154
 -0.24525568 -0.25785675 -0.27095345 -0.28454166 -0.29861527 -0.31316791
 -0.32819551 -0.34369991 -0.35969276 -0.37619897 -0.39325702 -0.41091276
 -0.42920084 -0.44810788 -0.46751352 -0.48711725 -0.50638232 -0.52455643
 -0.54081821 -0.55449349 -0.56514066 -0.57236816 -0.57563702 -0.57453614
 -0.56944548 -0.56173218 -0.55312133 -0.54495054 -0.5379166  -0.53221355
 -0.52774838 -0.5242795  -0.52146627 -0.51886911 -0.51594713 -0.51209345
 -0.50672236 -0.49936629 -0.48967637 -0.47721416 -0.46104549 -0.43940727
 -0.40994645 -0.37081618 -0.32207873 -0.26620591 -0.20708445 -0.1483879
 -0.09258056 -0.04084757  0.00651667  0.04969485  0.08906329  0.12503516
  0.15798718  0.18823246  0.2160163   0.24152229  0.26488256  0.28618962
  0.30550902  0.32289305  0.33839624  0.35209302  0.36409821  0.37458958
  0.38383038  0.39218757  0.40013832  0.40825477  0.41715643  0.42742292
  0.43947172  0.45342635  0.46902466  0.48562144  0.50230519  0.51808868
  0.53209623  0.54368617  0.55249192  0.55840012  0.56149586  0.56199942
  0.56020908  0.55645605  0.55107247  0.54437101  0.53663334  0.52810525
  0.51899601  0.50948033  0.49970184  0.48977695  0.47979895  0.46984174
  0.45996315  0.45020791  0.44061005  0.43119502  0.42198131  0.4129819
  0.40420533  0.39565667  0.38733821  0.37925008  0.37139073  0.3637573
  0.35634594  0.34915206  0.34217052  0.33539581  0.32882213  0.32244357
  0.3162541   0.31024771  0.30441841  0.29876028  0.29326752  0.28793444
  0.28275551  0.27772534  0.27283872  0.26809057  0.26347603  0.25899037
  0.25462904  0.25038767  0.24626203  0.24224808  0.23834191  0.23453977
  0.23083806  0.22723333  0.22372223  0.22030159  0.21696833  0.2137195
  0.21055229  0.20746397  0.20445194  0.20151368  0.19864679  0.19584895
  0.19311794  0.19045162  0.18784793  0.1853049   0.18282064  0.1803933
  0.17802113  0.17570244  0.1734356   0.17121904  0.16905125  0.16693077
  0.16485621  0.16282621]"
7TJ9,SCN,"[ 9.47990081e-03  8.10087398e-03  6.65449730e-03  5.13713717e-03
  3.54492962e-03  1.87376366e-03  1.19263347e-04 -1.72323162e-03
 -3.65868669e-03 -5.69239493e-03 -7.83000107e-03 -1.00775274e-02
 -1.24414017e-02 -1.49284867e-02 -1.75461116e-02 -2.03021067e-02
 -2.32048379e-02 -2.62632458e-02 -2.94868842e-02 -3.28859622e-02
 -3.64713864e-02 -4.02548046e-02 -4.42486489e-02 -4.84661790e-02
 -5.29215223e-02 -5.76297110e-02 -6.26067121e-02 -6.78694495e-02
 -7.34358129e-02 -7.93246487e-02 -8.55557298e-02 -9.21496937e-02
 -9.91279433e-02 -1.06512501e-01 -1.14325804e-01 -1.22590428e-01
 -1.31328737e-01 -1.40562432e-01 -1.50312012e-01 -1.60596129e-01
 -1.71430857e-01 -1.82828898e-01 -1.94798759e-01 -2.07343991e-01
 -2.20462574e-01 -2.34146602e-01 -2.48382429e-01 -2.63151480e-01
 -2.78431886e-01 -2.94201015e-01 -3.10438750e-01 -3.27130884e-01
 -3.44271194e-01 -3.61859515e-01 -3.79891512e-01 -3.98334479e-01
 -4.17084449e-01 -4.35907358e-01 -4.54386056e-01 -4.71922523e-01
 -4.87851234e-01 -5.01650502e-01 -5.13094823e-01 -5.22137543e-01
 -5.28554242e-01 -5.31786607e-01 -5.31411190e-01 -5.27846017e-01
 -5.22371776e-01 -5.16430776e-01 -5.11026250e-01 -5.06611486e-01
 -5.03247297e-01 -5.00764581e-01 -4.98845489e-01 -4.97044389e-01
 -4.94802119e-01 -4.91505385e-01 -4.86611106e-01 -4.79786006e-01
 -4.70932551e-01 -4.59949868e-01 -4.46173186e-01 -4.27708931e-01
 -4.01349663e-01 -3.63909565e-01 -3.14587678e-01 -2.56128784e-01
 -1.93413053e-01 -1.31042299e-01 -7.19964921e-02 -1.76260444e-02
  3.17951576e-02  7.65372810e-02  1.17071646e-01  1.53891371e-01
  1.87432877e-01  2.18050420e-01  2.46015506e-01  2.71526689e-01
  2.94723094e-01  3.15699089e-01  3.34519691e-01  3.51237240e-01
  3.65910405e-01  3.78626540e-01  3.89528002e-01  3.98841776e-01
  4.06909420e-01  4.14210534e-01  4.21368031e-01  4.29118825e-01
  4.38232919e-01  4.49373272e-01  4.62914876e-01  4.78781391e-01
  4.96384673e-01  5.14723506e-01  5.32611423e-01  5.48930638e-01
  5.62814594e-01  5.73723779e-01  5.81434457e-01  5.85979067e-01
  5.87571004e-01  5.86533437e-01  5.83241206e-01  5.78078220e-01
  5.71409328e-01  5.63564059e-01  5.54829203e-01  5.45447407e-01
  5.35619460e-01  5.25508542e-01  5.15245260e-01  5.04932737e-01
  4.94651347e-01  4.84462904e-01  4.74414236e-01  4.64540188e-01
  4.54866072e-01  4.45409674e-01  4.36182866e-01  4.27192897e-01
  4.18443423e-01  4.09935328e-01  4.01667374e-01  3.93636713e-01
  3.85839298e-01  3.78270198e-01  3.70923854e-01  3.63794274e-01
  3.56875189e-01  3.50160173e-01  3.43642735e-01  3.37316393e-01
  3.31174727e-01  3.25211420e-01  3.19420290e-01  3.13795310e-01
  3.08330625e-01  3.03020560e-01  2.97859630e-01  2.92842538e-01
  2.87964178e-01  2.83219636e-01  2.78604180e-01  2.74113264e-01
  2.69742519e-01  2.65487749e-01  2.61344922e-01  2.57310172e-01
  2.53379783e-01  2.49550193e-01  2.45817979e-01  2.42179859e-01
  2.38632680e-01  2.35173416e-01  2.31799163e-01  2.28507130e-01
  2.25294637e-01  2.22159112e-01  2.19098081e-01  2.16109167e-01
  2.13190087e-01  2.10338645e-01  2.07552729e-01  2.04830307e-01
  2.02169426e-01  1.99568205e-01  1.97024835e-01  1.94537573e-01
  1.92104740e-01  1.89724722e-01  1.87395960e-01  1.85116954e-01
  1.82886258e-01  1.80702477e-01  1.78564267e-01  1.76470330e-01]"
6N4Q,SCN,"[-0.46714928 -0.47348576 -0.47997887 -0.48663325 -0.49345364 -0.50044486
 -0.50761182 -0.51495948 -0.5224929  -0.53021716 -0.53813734 -0.54625857
 -0.55458591 -0.56312437 -0.57187887 -0.58085413 -0.5900547  -0.59948481
 -0.60914829 -0.61904851 -0.6291882  -0.63956932 -0.65019288 -0.66105873
 -0.6721653  -0.68350936 -0.6950857  -0.70688682 -0.71890264 -0.73112021
 -0.74352352 -0.75609353 -0.76880842 -0.78164431 -0.79457663 -0.80758242
 -0.82064383 -0.83375316 -0.84691986 -0.86017967 -0.87360604 -0.88732364
 -0.90152366 -0.91647957 -0.93256258 -0.9502549  -0.97015981 -0.99300794
 -1.01965921 -1.05109925 -1.08842247 -1.13277693 -1.18520649 -1.24624896
 -1.3150381  -1.38763451 -1.45488438 -1.50208712 -1.51459911 -1.48820975
 -1.43281144 -1.36423981 -1.29505063 -1.23192292 -1.17725288 -1.13123276
 -1.09317889 -1.06218446 -1.03738963 -1.01807101 -1.00365522 -0.99370421
 -0.98789262 -0.98598457 -0.98781222 -0.993256   -1.0022255  -1.01463988
 -1.03040664 -1.0493981  -1.07142601 -1.0962169  -1.123394   -1.15247543
 -1.18290167 -1.2141035  -1.24561191 -1.27719241 -1.30896702 -1.34148098
 -1.37568838 -1.4128617  -1.45445243 -1.50192726 -1.55658004 -1.61929157
 -1.69020064 -1.76828614 -1.85096572 -1.93397639 -2.01188437 -2.07934995
 -2.13273422 -2.17124013 -2.19697668 -2.21394092 -2.2264699  -2.23790656
 -2.24994779 -2.26268792 -2.27511839 -2.28582609 -2.29366276 -2.29815893
 -2.29951183 -2.29815587 -2.29414366 -2.28667697 -2.27408338 -2.25435242
 -2.22603613 -2.18901898 -2.14468244 -2.09540828 -2.04378388 -1.99192138
 -1.94108294 -1.89161462 -1.8431478  -1.79504732 -1.74704619 -1.69986944
 -1.65553164 -1.61706911 -1.58774542 -1.57003206 -1.56474076 -1.57059083
 -1.58433921 -1.60144415 -1.61708443 -1.62720803 -1.62920898 -1.62197822
 -1.60543888 -1.57998073 -1.54617875 -1.50486365 -1.45730702 -1.40524169
 -1.35064118 -1.29539398 -1.24104879 -1.18870864 -1.13905101 -1.09241288
 -1.04888978 -1.00842203 -0.9708595  -0.93600608 -0.90364816 -0.8735718
 -0.84557245 -0.81945982 -0.79505988 -0.77221519 -0.7507842  -0.73064014
 -0.71166969 -0.69377162 -0.67685546 -0.66084028 -0.64565359 -0.63123037
 -0.61751214 -0.60444624 -0.59198514 -0.58008584 -0.56870935 -0.55782029
 -0.5473864  -0.53737829 -0.52776909 -0.51853419 -0.509651   -0.50109876
 -0.49285837 -0.48491217 -0.47724389 -0.46983844 -0.46268183 -0.4557611
 -0.44906417 -0.44257982 -0.43629756 -0.43020763 -0.42430088 -0.41856877
 -0.41300328 -0.40759691]"
6N4R,SCN,"[-0.31487821 -0.32033745 -0.32594648 -0.33170981 -0.33763203 -0.34371778
 -0.34997175 -0.35639865 -0.3630032  -0.36979011 -0.37676403 -0.38392952
 -0.39129102 -0.39885279 -0.40661885 -0.41459289 -0.42277822 -0.43117762
 -0.43979325 -0.44862648 -0.45767774 -0.46694626 -0.47642989 -0.48612477
 -0.49602503 -0.50612241 -0.51640584 -0.52686104 -0.53747008 -0.54821098
 -0.55905743 -0.56997874 -0.58094012 -0.59190349 -0.60282918 -0.61367871
 -0.62441908 -0.63502899 -0.64550721 -0.65588342 -0.66623132 -0.67668345
 -0.68744694 -0.69881831 -0.71119597 -0.72508842 -0.7411177  -0.76001826
 -0.78263206 -0.80989821 -0.84282584 -0.88241498 -0.92944216 -0.98394446
 -1.04415277 -1.10476212 -1.15538297 -1.18196896 -1.17368159 -1.13069349
 -1.06390872 -0.98710724 -0.91046688 -0.83927412 -0.77539015 -0.71890977
 -0.66921546 -0.62550527 -0.58701758 -0.55310905 -0.52326894 -0.49710918
 -0.47434722 -0.4547885  -0.43831059 -0.42484935 -0.41438647 -0.40693721
 -0.40253734 -0.40122764 -0.40303404 -0.40794062 -0.41585133 -0.42653357
 -0.43953522 -0.4540725  -0.46891976 -0.48241669 -0.49279776 -0.49892253
 -0.50100209 -0.50064452 -0.50014858 -0.50169718 -0.50694952 -0.51699653
 -0.53244    -0.5534336  -0.57963565 -0.61009055 -0.64309768 -0.67617156
 -0.70627256 -0.7305306  -0.74739074 -0.7573894  -0.76267677 -0.7656043
 -0.76749348 -0.76811069 -0.76572305 -0.75766456 -0.74151081 -0.71649363
 -0.68406709 -0.64708315 -0.60846022 -0.57038613 -0.5341912  -0.50053945
 -0.46966423 -0.4415495  -0.41604811 -0.39295286 -0.37203708 -0.35307662
 -0.33586098 -0.3201981  -0.30591583 -0.29286139 -0.28090007 -0.26991349
 -0.25979775 -0.25046166 -0.24182521 -0.23381802 -0.22637815 -0.21945093
 -0.21298805 -0.20694671 -0.20128887 -0.1959807  -0.19099202 -0.18629583
 -0.18186794 -0.17768664 -0.17373236 -0.16998747 -0.16643605 -0.16306367
 -0.15985723 -0.15680483 -0.15389566 -0.15111982 -0.1484683  -0.14593283
 -0.14350585 -0.14118041 -0.13895012 -0.13680911 -0.13475195 -0.13277364
 -0.13086956 -0.12903544 -0.12726729 -0.12556146 -0.12391453 -0.12232331
 -0.12078485 -0.1192964  -0.11785539 -0.11645943 -0.11510626 -0.1137938
 -0.11252008 -0.11128326 -0.11008162 -0.10891353 -0.10777747 -0.10667201
 -0.1055958  -0.10454757 -0.10352613 -0.10253034 -0.10155915 -0.10061154
 -0.09968656 -0.09878331 -0.09790094 -0.09703865 -0.09619565 -0.09537124
 -0.09456471 -0.09377542 -0.09300274 -0.09224608 -0.09150487 -0.09077858
 -0.09006671 -0.08936875]"
6VXO,SCN,"[ 0.09220568  0.09171929  0.09117737  0.09057628  0.08991211  0.08918069
  0.08837755  0.08749791  0.08653663  0.08548822  0.0843468   0.08310607
  0.08175931  0.08029935  0.07871855  0.07700883  0.0751617   0.07316823
  0.07101924  0.06870534  0.06621716  0.06354563  0.0606824   0.0576204
  0.0543546   0.05088308  0.0472084   0.0433394   0.03929349  0.03509947
  0.03080092  0.02646006  0.02216182  0.01801761  0.01416776  0.01078112
  0.00804903  0.00617011  0.00532116  0.00561019  0.00701111  0.00928792
  0.0119278   0.01411172  0.01474977  0.01258843  0.00635938 -0.00509888
 -0.02282147 -0.0478337  -0.08137968 -0.12520807 -0.18182754 -0.25438499
 -0.34442259 -0.44113885 -0.50038009 -0.47851061 -0.40605767 -0.32505483
 -0.24845594 -0.1779675  -0.11358742 -0.05520757 -0.00262913  0.04449418
  0.08662789  0.12429349  0.15801138  0.18826419  0.21547891  0.240022
  0.26220181  0.28227449  0.30045118  0.3169052   0.33177877  0.34518911
  0.35723422  0.36799834  0.37755812  0.38599003  0.39338106  0.39984479
  0.40554606  0.41073636  0.41579646  0.42126571  0.42780093  0.43596082
  0.44572813  0.45594453  0.4643622   0.4689348   0.46935015  0.46695966
  0.46342442  0.45978972  0.45643666  0.45337346  0.45047739  0.44761558
  0.44468629  0.44162431  0.43839419  0.43498165  0.4313862   0.42761589
  0.42368363  0.41960491  0.41539626  0.41107435  0.40665549  0.40215524
  0.39758832  0.39296847  0.38830847  0.3836201   0.37891423  0.3742008
  0.36948888  0.36478672  0.36010181  0.35544089  0.35081003  0.34621465
  0.34165958  0.33714908  0.33268691  0.32827633  0.32392018  0.31962087
  0.31538044  0.31120059  0.30708271  0.30302789  0.29903698  0.29511056
  0.29124904  0.2874526   0.28372127  0.28005491  0.27645328  0.27291597
  0.26944249  0.26603226  0.26268461  0.25939879  0.25617402  0.25300944
  0.24990415  0.24685722  0.24386769  0.24093458  0.23805689  0.23523361
  0.23246369  0.22974613  0.22707989  0.22446393  0.22189723  0.21937877
  0.21690754  0.21448253  0.21210276  0.20976725  0.20747502  0.20522514
  0.20301666  0.20084866  0.19872025  0.19663054  0.19457867  0.19256377
  0.19058502  0.1886416   0.18673272  0.18485759  0.18301545  0.18120556
  0.17942719  0.17767963  0.17596218  0.17427417  0.17261494  0.17098384
  0.16938025  0.16780354  0.16625313  0.16472842  0.16322885  0.16175387
  0.16030294  0.15887552  0.15747111  0.15608919  0.1547293   0.15339094
  0.15207366  0.150777  ]"
7K18,SCN,"[-0.04748707 -0.04983161 -0.05227063 -0.05480862 -0.05745029 -0.06020062
 -0.06306486 -0.06604854 -0.06915749 -0.07239785 -0.07577612 -0.07929913
 -0.0829741  -0.08680863 -0.09081076 -0.09498895 -0.09935213 -0.10390973
 -0.10867169 -0.11364853 -0.11885132 -0.1242918  -0.12998234 -0.13593607
 -0.14216688 -0.1486895  -0.15551964 -0.162674   -0.17017046 -0.17802822
 -0.18626798 -0.1949122  -0.20398538 -0.21351447 -0.22352933 -0.23406332
 -0.24515404 -0.25684409 -0.26918202 -0.28222305 -0.29602941 -0.31066959
 -0.3262151  -0.34273281 -0.36026917 -0.37882168 -0.39829285 -0.41842607
 -0.43873703 -0.45848088 -0.47671811 -0.49251436 -0.50519593 -0.51447568
 -0.52034473 -0.52285803 -0.52203879 -0.5179715  -0.51095113 -0.50151972
 -0.49035216 -0.47808576 -0.46520032 -0.4519773  -0.43850516 -0.42469433
 -0.41029355 -0.39491862 -0.37810157 -0.35935097 -0.33820366 -0.31425976
 -0.28723399 -0.25711943 -0.22459495 -0.1916026  -0.16126842 -0.13590275
 -0.11436399 -0.0927735  -0.06803704 -0.03964866 -0.00890073  0.02249651
  0.0531896   0.08235032  0.10956896  0.13469673  0.15772141  0.17868851
  0.19765795  0.21468379  0.22980817  0.24306401  0.25448396  0.26411457
  0.27203588  0.27838646  0.28339378  0.28740687  0.29092475  0.29460726
  0.29924923  0.30569805  0.31470913  0.32676481  0.34191824  0.3597318
  0.37934298  0.39963137  0.4194227   0.4376678   0.45356086  0.46659015
  0.47653353  0.4834173   0.48745468  0.48897727  0.48837053  0.48602264
  0.48229081  0.47748432  0.47186003  0.46562551  0.45894563  0.45195009
  0.4447405   0.43739636  0.42997995  0.42254013  0.41511527  0.40773555
  0.40042466  0.39320113  0.38607938  0.37907054  0.37218302  0.3654231
  0.35879526  0.35230255  0.34594684  0.33972901  0.33364919  0.32770683
  0.32190089  0.31622988  0.31069199  0.30528514  0.30000703  0.2948552
  0.28982708  0.28491999  0.2801312   0.27545795  0.27089745  0.2664469
  0.26210354  0.2578646   0.25372735  0.24968911  0.24574723  0.24189911
  0.2381422   0.234474    0.23089209  0.22739408  0.22397765  0.22064054
  0.21738054  0.2141955   0.21108335  0.20804205  0.20506963  0.20216418
  0.19932384  0.19654679  0.1938313   0.19117565  0.1885782   0.18603735
  0.18355154  0.18111927  0.17873909  0.17640956  0.17412933  0.17189706
  0.16971145  0.16757127  0.16547529  0.16342234  0.16141129  0.15944101
  0.15751045  0.15561856  0.15376434  0.1519468   0.15016501  0.14841804
  0.146705    0.14502502]"
7K48,SCN,"[-0.22238565 -0.22566892 -0.22903587 -0.23248928 -0.23603208 -0.23966729
 -0.24339803 -0.24722757 -0.25115929 -0.25519668 -0.2593434  -0.26360321
 -0.26798003 -0.27247792 -0.27710107 -0.28185386 -0.28674078 -0.29176652
 -0.29693589 -0.3022539  -0.3077257  -0.3133566  -0.31915209 -0.3251178
 -0.33125954 -0.33758325 -0.34409501 -0.35080105 -0.3577077  -0.36482137
 -0.37214857 -0.37969581 -0.38746961 -0.39547644 -0.40372264 -0.41221436
 -0.42095743 -0.42995728 -0.4392188  -0.44874613 -0.45854245 -0.46860977
 -0.47894858 -0.48955753 -0.50043299 -0.51156862 -0.52295482 -0.53457823
 -0.54642116 -0.5584612  -0.57067087 -0.58301771 -0.59546485 -0.6079724
 -0.62050008 -0.63301146 -0.64548035 -0.65789982 -0.67029417 -0.6827341
 -0.69535452 -0.70837439 -0.72211694 -0.73702859 -0.75369459 -0.77285024
 -0.79538697 -0.82235203 -0.85493408 -0.89440781 -0.94196406 -0.99825706
 -1.06235503 -1.12973699 -1.18971254 -1.22525015 -1.22036279 -1.17244822
 -1.09467764 -1.00494    -0.91601439 -0.83399115 -0.76063727 -0.69570204
 -0.63823232 -0.58716611 -0.54155503 -0.50062416 -0.46376866 -0.43052996
 -0.40056814 -0.37363612 -0.34955656 -0.32820067 -0.30946744 -0.29326165
 -0.27946932 -0.26793014 -0.25840793 -0.25056317 -0.24393527 -0.23794609
 -0.23193678 -0.22524392 -0.21730596 -0.20777186 -0.19657227 -0.18392356
 -0.17026244 -0.15613865 -0.14210542 -0.12863774 -0.11609005 -0.10468812
 -0.09454344 -0.08567767 -0.0780488  -0.07157425 -0.06614899 -0.0616588
 -0.05798916 -0.05503084 -0.05268305 -0.05085496 -0.04946604 -0.04844585
 -0.04773332 -0.04727591 -0.04702869 -0.0469534  -0.04701759 -0.04719387
 -0.0474591  -0.04779388 -0.04818192 -0.04860961 -0.04906558 -0.04954042
 -0.0500263  -0.05051679 -0.05100658 -0.05149137 -0.05196767 -0.05243268
 -0.05288416 -0.05332041 -0.05374008 -0.05414221 -0.05452609 -0.05489129
 -0.05523753 -0.05556474 -0.05587295 -0.05616232 -0.05643309 -0.05668558
 -0.05692017 -0.05713728 -0.05733735 -0.05752088 -0.05768837 -0.05784032
 -0.05797725 -0.05809969 -0.05820816 -0.05830318 -0.05838526 -0.0584549
 -0.05851261 -0.05855886 -0.05859412 -0.05861886 -0.05863353 -0.05863855
 -0.05863435 -0.05862134 -0.05859991 -0.05857044 -0.05853329 -0.05848882
 -0.05843737 -0.05837926 -0.05831482 -0.05824433 -0.05816811 -0.05808641
 -0.05799952 -0.05790769 -0.05781116 -0.05771018 -0.05760496 -0.05749574
 -0.05738272 -0.05726609 -0.05714606 -0.05702279 -0.05689648 -0.05676729
 -0.05663538 -0.05650091]"
7EJ1,KCN,"[-0.23365074 -0.23675916 -0.2399445  -0.24320943 -0.24655674 -0.24998934
 -0.25351028 -0.25712273 -0.26083    -0.26463556 -0.26854302 -0.27255618
 -0.27667898 -0.28091555 -0.28527023 -0.28974752 -0.29435217 -0.29908912
 -0.30396355 -0.30898088 -0.31414677 -0.31946716 -0.32494827 -0.33059659
 -0.33641892 -0.34242238 -0.34861441 -0.3550028  -0.36159568 -0.36840157
 -0.37542935 -0.38268831 -0.39018811 -0.39793886 -0.40595107 -0.41423569
 -0.42280409 -0.43166809 -0.44083992 -0.45033225 -0.46015817 -0.47033118
 -0.48086514 -0.49177429 -0.5030732  -0.51477675 -0.52690007 -0.53945853
 -0.5524677  -0.56594332 -0.57990134 -0.59435789 -0.60932941 -0.62483275
 -0.64088549 -0.65750631 -0.67471557 -0.69253623 -0.71099502 -0.73012413
 -0.74996337 -0.770563   -0.79198713 -0.81431775 -0.83765894 -0.86214048
 -0.88791911 -0.91517421 -0.94409156 -0.9748245  -1.00741457 -1.04164608
 -1.07680668 -1.11134976 -1.14254377 -1.16637712 -1.17816023 -1.17405258
 -1.1528695  -1.11678652 -1.07029413 -1.01833437 -0.96493934 -0.91280078
 -0.86344484 -0.8175915  -0.77547435 -0.73706197 -0.70219301 -0.67065289
 -0.64221499 -0.6166616  -0.59379365 -0.57343398 -0.55542714 -0.53963715
 -0.52594421 -0.51424087 -0.50442814 -0.49641188 -0.49009956 -0.48539783
 -0.48221079 -0.48043918 -0.47998029 -0.4807284  -0.4825755  -0.4854117
 -0.48912516 -0.49360124 -0.49872067 -0.50435715 -0.51037442 -0.51662342
 -0.52293982 -0.52914214 -0.53503094 -0.54038904 -0.54498288 -0.54856544
 -0.55088061 -0.5516695  -0.55067883 -0.54767171 -0.54244094 -0.53482454
 -0.52472308 -0.51211757 -0.49708604 -0.47981602 -0.46060941 -0.43987591
 -0.41811125 -0.39585834 -0.37365229 -0.35195512 -0.33109047 -0.3111914
 -0.29217385 -0.27374372 -0.25543946 -0.23670642 -0.21699389 -0.19585967
 -0.17305801 -0.14858082 -0.12263115 -0.0955395  -0.06767608 -0.03943321
 -0.01132762  0.01579637  0.04057039  0.0610964   0.07531155  0.08171674
  0.08011989  0.07187279  0.05939685  0.04533158  0.03181829  0.02017388
  0.01090395  0.00389342 -0.00135338 -0.00548955 -0.00914824 -0.01282461
 -0.0168212  -0.0212501  -0.0260743  -0.03116552 -0.0363592  -0.04149515
 -0.04644103 -0.05110138 -0.05541705 -0.05935955 -0.06292367 -0.06612036
 -0.06897074 -0.07150147 -0.07374153 -0.07572001 -0.07746474 -0.07900155
 -0.08035389 -0.08154276 -0.08258674 -0.08350219 -0.08430345 -0.08500303
 -0.08561184 -0.08613944 -0.08659414 -0.08698323 -0.08731312 -0.08758942
 -0.0878171  -0.08800057]"
7EJ2,KCN,"[-1.88314334e-01 -1.90964521e-01 -1.93683445e-01 -1.96473592e-01
 -1.99337560e-01 -2.02278062e-01 -2.05297933e-01 -2.08400139e-01
 -2.11587778e-01 -2.14864093e-01 -2.18232474e-01 -2.21696471e-01
 -2.25259795e-01 -2.28926332e-01 -2.32700149e-01 -2.36585505e-01
 -2.40586856e-01 -2.44708871e-01 -2.48956436e-01 -2.53334669e-01
 -2.57848929e-01 -2.62504825e-01 -2.67308232e-01 -2.72265298e-01
 -2.77382457e-01 -2.82666441e-01 -2.88124293e-01 -2.93763375e-01
 -2.99591381e-01 -3.05616348e-01 -3.11846665e-01 -3.18291080e-01
 -3.24958712e-01 -3.31859053e-01 -3.39001972e-01 -3.46397721e-01
 -3.54056928e-01 -3.61990598e-01 -3.70210101e-01 -3.78727163e-01
 -3.87553846e-01 -3.96702528e-01 -4.06185875e-01 -4.16016806e-01
 -4.26208460e-01 -4.36774143e-01 -4.47727291e-01 -4.59081412e-01
 -4.70850044e-01 -4.83046708e-01 -4.95684874e-01 -5.08777953e-01
 -5.22339308e-01 -5.36382315e-01 -5.50920482e-01 -5.65967643e-01
 -5.81538264e-01 -5.97647859e-01 -6.14313554e-01 -6.31554805e-01
 -6.49394231e-01 -6.67858514e-01 -6.86979187e-01 -7.06792992e-01
 -7.27341210e-01 -7.48666925e-01 -7.70808487e-01 -7.93786402e-01
 -8.17579434e-01 -8.42084091e-01 -8.67050562e-01 -8.91989907e-01
 -9.16056315e-01 -9.37931468e-01 -9.55778914e-01 -9.67378071e-01
 -9.70532426e-01 -9.63703544e-01 -9.46591844e-01 -9.20301386e-01
 -8.86971497e-01 -8.49124882e-01 -8.09095789e-01 -7.68727043e-01
 -7.29312990e-01 -6.91678311e-01 -6.56298142e-01 -6.23409348e-01
 -5.93096355e-01 -5.65351497e-01 -5.40115234e-01 -5.17301987e-01
 -4.96816117e-01 -4.78561237e-01 -4.62445057e-01 -4.48381232e-01
 -4.36289239e-01 -4.26093054e-01 -4.17719154e-01 -4.11094314e-01
 -4.06143524e-01 -4.02788305e-01 -4.00945610e-01 -4.00527383e-01
 -4.01440726e-01 -4.03588470e-01 -4.06869849e-01 -4.11180887e-01
 -4.16414159e-01 -4.22457700e-01 -4.29193030e-01 -4.36492461e-01
 -4.44216020e-01 -4.52208404e-01 -4.60296367e-01 -4.68286885e-01
 -4.75966360e-01 -4.83101045e-01 -4.89438887e-01 -4.94712925e-01
 -4.98646492e-01 -5.00960406e-01 -5.01382401e-01 -4.99658944e-01
 -4.95569460e-01 -4.88942721e-01 -4.79674731e-01 -4.67746846e-01
 -4.53242156e-01 -4.36357356e-01 -4.17406652e-01 -3.96813925e-01
 -3.75089827e-01 -3.52792067e-01 -3.30470281e-01 -3.08601128e-01
 -2.87523613e-01 -2.67387193e-01 -2.48124505e-01 -2.29456608e-01
 -2.10933133e-01 -1.92004633e-01 -1.72119584e-01 -1.50831553e-01
 -1.27891708e-01 -1.03293795e-01 -7.72464587e-02 -5.00812134e-02
 -2.21516733e-02  6.19375547e-03  3.45067512e-02  6.20135194e-02
  8.73758157e-02  1.08635145e-01  1.23554670e-01  1.30396292e-01
  1.28782466e-01  1.20039075e-01  1.06724746e-01  9.16896325e-02
  7.72612154e-02  6.48696247e-02  5.50594027e-02  4.76997243e-02
  4.22463414e-02  3.79827116e-02  3.42115048e-02  3.03837336e-02
  2.61606210e-02  2.14139299e-02  1.61824106e-02  1.06085375e-02
  4.87734457e-03 -8.29454171e-04 -6.36035070e-03 -1.16046772e-02
 -1.64923064e-02 -2.09875621e-02 -2.50810965e-02 -2.87819634e-02
 -3.21109365e-02 -3.50953748e-02 -3.77655460e-02 -4.01521553e-02
 -4.22847936e-02 -4.41910498e-02 -4.58960761e-02 -4.74224509e-02
 -4.87902261e-02 -5.00170803e-02 -5.11185252e-02 -5.21081329e-02
 -5.29977631e-02 -5.37977772e-02 -5.45172350e-02 -5.51640707e-02
 -5.57452468e-02 -5.62668895e-02 -5.67344041e-02 -5.71525754e-02]"
7WF3,KCN,"[-0.10826501 -0.11008716 -0.11196044 -0.11388678 -0.1158682  -0.11790683
 -0.12000488 -0.12216468 -0.12438866 -0.12667938 -0.12903952 -0.13147188
 -0.13397941 -0.13656521 -0.13923253 -0.14198477 -0.14482553 -0.14775857
 -0.15078784 -0.15391752 -0.15715197 -0.16049582 -0.16395389 -0.16753129
 -0.17123338 -0.17506583 -0.17903456 -0.18314585 -0.18740628 -0.1918228
 -0.1964027  -0.20115369 -0.20608385 -0.2112017  -0.2165162  -0.22203677
 -0.2277733  -0.2337362  -0.23993638 -0.2463853  -0.25309496 -0.26007795
 -0.26734743 -0.27491719 -0.28280162 -0.29101578 -0.29957541 -0.30849696
 -0.31779765 -0.32749556 -0.33760973 -0.34816036 -0.35916902 -0.37065899
 -0.38265583 -0.395188   -0.40828788 -0.42199305 -0.43634815 -0.45140722
 -0.46723685 -0.48392021 -0.50156214 -0.5202953  -0.54028723 -0.5617478
 -0.58493539 -0.6101585  -0.63776581 -0.66811113 -0.70146833 -0.73785429
 -0.77670129 -0.81633236 -0.85331308 -0.88209025 -0.89577749 -0.8887071
 -0.85956554 -0.81230623 -0.75386486 -0.69098228 -0.62846336 -0.56904189
 -0.51395349 -0.46354905 -0.41772644 -0.37618385 -0.33855355 -0.30446695
 -0.27358347 -0.24560108 -0.2202581  -0.19733067 -0.17662831 -0.15798879
 -0.14127284 -0.12635913 -0.11313978 -0.10151676 -0.09139908 -0.08270116
 -0.07534217 -0.06924627 -0.06434338 -0.0605701  -0.05787014 -0.0561938
 -0.05549621 -0.05573421 -0.05686208 -0.05882668 -0.0615624  -0.06498654
 -0.06899557 -0.07346254 -0.07823583 -0.08313927 -0.08797387 -0.09252113
 -0.09654804 -0.09981405 -0.10207979 -0.10311778 -0.10272483 -0.10073577
 -0.09703798 -0.09158549 -0.08441116 -0.07563483 -0.06546493 -0.05419098
 -0.0421649  -0.02977049 -0.01738252 -0.00531992  0.00619983  0.01709647
  0.02744469  0.03746835  0.04750945  0.05797438  0.06926383  0.08169849
  0.09545803  0.11055424  0.12685218  0.14413071  0.16214486  0.18063551
  0.19924723  0.21736191  0.23392071  0.24737003  0.25588581  0.25792759
  0.25291822  0.24162571  0.22595084  0.20825993  0.19068793  0.17472443
  0.16112124  0.15000394  0.14106307  0.13375122  0.12745283  0.12161272
  0.11581635  0.10982058  0.10354248  0.09702064  0.09036645  0.08371953
  0.07721512  0.07096513  0.06505062  0.05952199  0.05440322  0.04969785
  0.04539476  0.04147329  0.03790721  0.03466768  0.03172533  0.02905153
  0.02661927  0.0244036   0.02238178  0.02053332  0.01883989  0.01728519
  0.01585476  0.01453581  0.01331705  0.01218849  0.0111413   0.0101677
  0.00926078  0.00841441]"
7WF4,KCN,"[-1.80632945e-01 -1.83454041e-01 -1.86349285e-01 -1.89321252e-01
 -1.92372622e-01 -1.95506181e-01 -1.98724832e-01 -2.02031594e-01
 -2.05429610e-01 -2.08922152e-01 -2.12512622e-01 -2.16204562e-01
 -2.20001659e-01 -2.23907745e-01 -2.27926809e-01 -2.32062997e-01
 -2.36320622e-01 -2.40704164e-01 -2.45218279e-01 -2.49867804e-01
 -2.54657757e-01 -2.59593346e-01 -2.64679971e-01 -2.69923226e-01
 -2.75328903e-01 -2.80902993e-01 -2.86651685e-01 -2.92581368e-01
 -2.98698626e-01 -3.05010235e-01 -3.11523157e-01 -3.18244533e-01
 -3.25181668e-01 -3.32342023e-01 -3.39733191e-01 -3.47362881e-01
 -3.55238892e-01 -3.63369079e-01 -3.71761324e-01 -3.80423492e-01
 -3.89363384e-01 -3.98588690e-01 -4.08106927e-01 -4.17925377e-01
 -4.28051022e-01 -4.38490469e-01 -4.49249880e-01 -4.60334898e-01
 -4.71750583e-01 -4.83501356e-01 -4.95590964e-01 -5.08022474e-01
 -5.20798317e-01 -5.33920393e-01 -5.47390267e-01 -5.61209484e-01
 -5.75380052e-01 -5.89905125e-01 -6.04789951e-01 -6.20043134e-01
 -6.35678268e-01 -6.51715958e-01 -6.68186221e-01 -6.85131130e-01
 -7.02607367e-01 -7.20688016e-01 -7.39462282e-01 -7.59030788e-01
 -7.79492407e-01 -8.00916016e-01 -8.23287063e-01 -8.46415418e-01
 -8.69791037e-01 -8.92386600e-01 -9.12447629e-01 -9.27393608e-01
 -9.34046051e-01 -9.29365083e-01 -9.11548139e-01 -8.80872391e-01
 -8.39643654e-01 -7.91288532e-01 -7.39257017e-01 -6.86321009e-01
 -6.34375937e-01 -5.84552352e-01 -5.37427990e-01 -4.93225017e-01
 -4.51956165e-01 -4.13521320e-01 -3.77767165e-01 -3.44522202e-01
 -3.13616224e-01 -2.84890215e-01 -2.58200457e-01 -2.33419190e-01
 -2.10433312e-01 -1.89142117e-01 -1.69454721e-01 -1.51287665e-01
 -1.34563047e-01 -1.19207421e-01 -1.05151551e-01 -9.23310096e-02
 -8.06873753e-02 -7.01696736e-02 -6.07355546e-02 -5.23517024e-02
 -4.49930623e-02 -3.86406773e-02 -3.32781817e-02 -2.88872351e-02
 -2.54423317e-02 -2.29054640e-02 -2.12210794e-02 -2.03116832e-02
 -2.00743805e-02 -2.03786286e-02 -2.10655057e-02 -2.19488469e-02
 -2.28186286e-02 -2.34469451e-02 -2.35968056e-02 -2.30337726e-02
 -2.15401744e-02 -1.89312539e-02 -1.50721776e-02 -9.89433044e-03
 -3.40881124e-03  4.28540604e-03  1.30014126e-02  2.24749826e-02
  3.23875568e-02  4.24014916e-02  5.22047922e-02  6.15594644e-02
  7.03450809e-02  7.85882978e-02  8.64704965e-02  9.43091119e-02
  1.02512485e-01  1.11512547e-01  1.21684784e-01  1.33271602e-01
  1.46331836e-01  1.60739216e-01  1.76237462e-01  1.92528247e-01
  2.09336726e-01  2.26393232e-01  2.43302835e-01  2.59337105e-01
  2.73255503e-01  2.83322983e-01  2.87676457e-01  2.85013853e-01
  2.75266350e-01  2.59777889e-01  2.40834430e-01  2.20877097e-01
  2.01864957e-01  1.84997970e-01  1.70739319e-01  1.58988601e-01
  1.49293781e-01  1.41046263e-01  1.33636899e-01  1.26563650e-01
  1.19487601e-01  1.12241170e-01  1.04800577e-01  9.72397499e-02
  8.96821905e-02  8.22619233e-02  7.50979880e-02  6.82817598e-02
  6.18737976e-02  5.59064554e-02  5.03891795e-02  4.53144438e-02
  4.06631923e-02  3.64093036e-02  3.25229841e-02  2.89731902e-02
  2.57292585e-02  2.27619300e-02  2.00439354e-02  1.75502746e-02
  1.52582936e-02  1.31476319e-02  1.12000946e-02  9.39948354e-03
  7.73141267e-03  6.18312080e-03  4.74329245e-03  3.40189100e-03
  2.15000669e-03  9.79720257e-04 -1.16018236e-04 -1.14349616e-03]"
6EBK,KCN,"[-0.331237   -0.33519229 -0.33924025 -0.34338399 -0.34762673 -0.35197185
 -0.35642285 -0.36098336 -0.36565721 -0.37044834 -0.37536088 -0.38039914
 -0.38556759 -0.39087089 -0.39631392 -0.40190175 -0.40763964 -0.41353311
 -0.41958789 -0.42580995 -0.43220551 -0.43878105 -0.44554331 -0.45249932
 -0.45965637 -0.46702206 -0.47460431 -0.48241133 -0.49045165 -0.49873414
 -0.50726801 -0.51606281 -0.52512843 -0.53447515 -0.54411359 -0.55405475
 -0.56430999 -0.57489106 -0.58581009 -0.59707959 -0.60871243 -0.62072187
 -0.63312152 -0.64592535 -0.65914767 -0.67280308 -0.68690644 -0.70147283
 -0.71651745 -0.73205554 -0.74810219 -0.76467219 -0.78177978 -0.79943831
 -0.81765991 -0.83645501 -0.8558319  -0.87579626 -0.89635081 -0.91749519
 -0.93922626 -0.96153917 -0.9844293  -1.0078955  -1.03194465 -1.05659726
 -1.08189316 -1.1078951  -1.13468606 -1.16235337 -1.19094826 -1.22040414
 -1.25039316 -1.28010472 -1.30796256 -1.33138369 -1.34682597 -1.35044495
 -1.3394069  -1.31322363 -1.27409963 -1.22598492 -1.17311189 -1.11895321
 -1.06588197 -1.01529475 -0.96788913 -0.92392265 -0.8834005  -0.84619572
 -0.81212116 -0.78097032 -0.75253963 -0.72663953 -0.70309917 -0.68176726
 -0.66251073 -0.64521227 -0.62976725 -0.6160806  -0.60406389 -0.59363285
 -0.5847056  -0.57720158 -0.57104137 -0.56614711 -0.56244342 -0.55985848
 -0.55832462 -0.55777827 -0.55815869 -0.55940548 -0.56145496 -0.56423547
 -0.56766234 -0.57163269 -0.57602084 -0.58067476 -0.58541417 -0.59003088
 -0.59429183 -0.59794525 -0.60073027 -0.60238975 -0.60268613 -0.60141932
 -0.59844543 -0.59369443 -0.58718432 -0.57902901 -0.56943666 -0.55869592
 -0.54714826 -0.53514716 -0.52300801 -0.51095609 -0.49908241 -0.48731727
 -0.47542893 -0.46305059 -0.44973416 -0.43502536 -0.41854895 -0.40008499
 -0.37961013 -0.35728161 -0.33336583 -0.30815385 -0.28193487 -0.25508754
 -0.2282922  -0.2027815  -0.18045322 -0.16361878 -0.15427901 -0.15319184
 -0.1593558  -0.17034607 -0.18325913 -0.195623   -0.20586521 -0.21334795
 -0.21816543 -0.22087061 -0.22221719 -0.22295208 -0.22367355 -0.22476141
 -0.22637368 -0.228491   -0.23098272 -0.23367099 -0.23637892 -0.23895855
 -0.24130205 -0.24334148 -0.24504275 -0.24639745 -0.24741503 -0.2481161
 -0.24852748 -0.24867858 -0.248599   -0.2483171  -0.24785915 -0.24724892
 -0.24650762 -0.24565393 -0.24470419 -0.24367263 -0.24257154 -0.2414116
 -0.24020201 -0.23895071 -0.23766457 -0.23634954 -0.23501075 -0.23365267
 -0.23227918 -0.23089364]"
6EBL,KCN,"[-0.09622091 -0.0969702  -0.09773089 -0.09850322 -0.09928746 -0.10008388
 -0.10089275 -0.10171437 -0.10254902 -0.10339701 -0.10425865 -0.10513426
 -0.10602418 -0.10692875 -0.10784832 -0.10878325 -0.10973391 -0.1107007
 -0.11168402 -0.11268427 -0.11370189 -0.1147373  -0.11579098 -0.11686337
 -0.11795498 -0.11906629 -0.12019783 -0.12135013 -0.12252375 -0.12371925
 -0.12493724 -0.12617831 -0.12744311 -0.1287323  -0.13004655 -0.13138657
 -0.13275308 -0.13414685 -0.13556865 -0.13701931 -0.13849966 -0.14001057
 -0.14155296 -0.14312777 -0.14473597 -0.14637858 -0.14805664 -0.14977126
 -0.15152358 -0.15331476 -0.15514605 -0.15701871 -0.15893408 -0.16089354
 -0.16289852 -0.16495051 -0.16705108 -0.16920185 -0.17140449 -0.17366077
 -0.17597251 -0.17834162 -0.18077008 -0.18325996 -0.18581341 -0.18843268
 -0.19112011 -0.19387813 -0.19670929 -0.19961622 -0.2026017  -0.20566859
 -0.20881989 -0.21205871 -0.2153883  -0.21881203 -0.22233342 -0.22595612
 -0.22968392 -0.23352077 -0.23747074 -0.24153808 -0.24572715 -0.25004247
 -0.25448872 -0.25907068 -0.26379327 -0.26866154 -0.2736806  -0.27885566
 -0.28419197 -0.2896948  -0.29536937 -0.30122083 -0.30725417 -0.31347415
 -0.3198852  -0.32649129 -0.3332958  -0.34030133 -0.3475095  -0.35492069
 -0.36253374 -0.3703456  -0.3783509  -0.38654147 -0.3949057  -0.40342795
 -0.41208766 -0.42085851 -0.42970737 -0.43859312 -0.44746539 -0.45626317
 -0.46491333 -0.4733292  -0.4814091  -0.48903524 -0.4960729  -0.50237032
 -0.50775961 -0.51205899 -0.51507692 -0.51661855 -0.51649483 -0.51453465
 -0.51059975 -0.50460203 -0.49652192 -0.48642605 -0.4744813  -0.46096168
 -0.44624344 -0.43078376 -0.4150797  -0.39960762 -0.38474957 -0.37071997
 -0.35750906 -0.34485761 -0.33226854 -0.3190538  -0.30441641 -0.28758342
 -0.26802471 -0.24576126 -0.22160348 -0.19694786 -0.17297032 -0.14982138
 -0.12661821 -0.10214847 -0.0757488  -0.04838773 -0.0243317  -0.01197163
 -0.0187131  -0.04170704 -0.06971372 -0.09352632 -0.10964609 -0.11814831
 -0.12045509 -0.11835466 -0.11371272 -0.10833124 -0.10373681 -0.10093546
 -0.10028274 -0.1015637  -0.10423113 -0.10766279 -0.11133222 -0.11487328
 -0.11807283 -0.12083338 -0.12313264 -0.12499133 -0.12645108 -0.12756101
 -0.12837015 -0.12892373 -0.12926166 -0.12941823 -0.12942246 -0.12929871
 -0.12906727 -0.12874508 -0.12834623 -0.12788251 -0.1273638  -0.12679839
 -0.1261933  -0.12555448 -0.12488702 -0.12419525 -0.12348294 -0.12275331
 -0.12200919 -0.12125304]"
6EBM,KCN,"[-0.44398818 -0.44974175 -0.45564252 -0.46169575 -0.46790691 -0.47428173
 -0.48082615 -0.48754636 -0.49444882 -0.50154023 -0.5088276  -0.51631819
 -0.52401957 -0.53193961 -0.5400865  -0.54846873 -0.55709514 -0.56597491
 -0.57511754 -0.58453293 -0.5942313  -0.60422326 -0.61451979 -0.62513224
 -0.63607237 -0.64735231 -0.65898456 -0.67098204 -0.68335805 -0.69612626
 -0.70930072 -0.72289583 -0.73692635 -0.75140734 -0.7663541  -0.78178218
 -0.7977072  -0.81414482 -0.83111054 -0.84861948 -0.86668618 -0.8853242
 -0.90454577 -0.92436135 -0.94477909 -0.96580445 -0.98743984 -1.00968462
 -1.03253554 -1.055988   -1.08003837 -1.10468757 -1.12994606 -1.1558398
 -1.1824159  -1.20974555 -1.23791945 -1.26702778 -1.29711219 -1.32807122
 -1.35949692 -1.39042658 -1.41903477 -1.44239864 -1.4566414  -1.4578181
 -1.44348189 -1.41399838 -1.37247475 -1.3233582  -1.27087723 -1.21820634
 -1.16736081 -1.11944439 -1.07495553 -1.03403134 -0.99661094 -0.96253548
 -0.93160612 -0.90361631 -0.87836884 -0.85568396 -0.83540226 -0.81738453
 -0.80150983 -0.78767278 -0.77578036 -0.76574881 -0.75750086 -0.75096342
 -0.74606613 -0.74274056 -0.74092039 -0.74054221 -0.74154672 -0.74387996
 -0.74749403 -0.75234693 -0.75840111 -0.76562065 -0.77396732 -0.78339561
 -0.79384732 -0.80524611 -0.81749258 -0.83046026 -0.8439931  -0.85790484
 -0.87198068 -0.88598143 -0.89965026 -0.9127217  -0.92493245 -0.93603311
 -0.94579989 -0.95404512 -0.9606254  -0.96544668 -0.96846564 -0.96968749
 -0.9691606  -0.96696893 -0.96322335 -0.95805277 -0.95159603 -0.94399512
 -0.93538987 -0.92591419 -0.91569372 -0.90484453 -0.89347266 -0.88167418
 -0.86953568 -0.85713487 -0.84454123 -0.83181674 -0.81901655 -0.80618952
 -0.79337881 -0.78062237 -0.76795336 -0.75540056 -0.74298879 -0.73073921
 -0.71866965 -0.70679497 -0.6951273  -0.68367634 -0.67244959 -0.66145266
 -0.65068939 -0.64016217 -0.62987204 -0.61981891 -0.61000172 -0.60041857
 -0.59106684 -0.58194333 -0.57304434 -0.56436579 -0.55590327 -0.5476521
 -0.53960744 -0.53176431 -0.52411763 -0.51666226 -0.50939308 -0.50230493
 -0.49539273 -0.48865143 -0.48207604 -0.47566169 -0.46940358 -0.463297
 -0.45733739 -0.45152027 -0.44584129 -0.44029623 -0.43488097 -0.42959154
 -0.42442406 -0.41937481 -0.41444016 -0.40961659 -0.40490074 -0.40028931
 -0.39577914 -0.39136718 -0.38705047 -0.38282616 -0.3786915  -0.37464383
 -0.37068058 -0.36679927 -0.36299752 -0.35927303 -0.35562355 -0.35204695
 -0.34854116 -0.34510415]"
6UZZ,KCN,"[0.68974708 0.69448823 0.69927184 0.70409723 0.70896356 0.71386988
 0.71881509 0.7237979  0.72881685 0.73387028 0.7389563  0.74407279
 0.74921733 0.75438724 0.75957949 0.7647907  0.77001708 0.77525441
 0.78049799 0.78574256 0.79098229 0.79621066 0.80142043 0.80660353
 0.81175095 0.81685266 0.82189747 0.82687287 0.83176487 0.83655781
 0.84123412 0.84577407 0.85015545 0.85435326 0.85833927 0.86208164
 0.86554442 0.86868705 0.87146395 0.87382411 0.87571096 0.8770627
 0.87781324 0.87789448 0.87724033 0.8757935  0.87351591 0.87040359
 0.86650629 0.86195031 0.85696018 0.85187097 0.8471195  0.84320306
 0.84060284 0.83968685 0.84062663 0.84337202 0.84771871 0.85348155
 0.86076445 0.87029093 0.88369269 0.90352638 0.93270705 0.97329741
 1.02526745 1.08622779 1.15242678 1.22019121 1.28685759 1.35095573
 1.41194732 1.46986388 1.52501828 1.57782511 1.62870676 1.67805255
 1.72620596 1.77346501 1.82008781 1.8662995  1.91229917 1.95826619
 2.00436599 2.05075527 2.09758681 2.14501376 2.19319337 2.24228963
 2.29247411 2.34392434 2.39681818 2.45132326 2.50758039 2.56568013
 2.62563292 2.68733323 2.75051969 2.81473412 2.87928512 2.94322651
 3.00536584 3.06432045 3.11862987 3.16691028 3.20800585 3.24107741
 3.26559026 3.28121442 3.28769716 3.28478126 3.27222427 3.24994596
 3.21830189 3.17843775 3.13259698 3.08413038 3.03690392 2.99407291
 2.95685248 2.92428693 2.89430589 2.8652014  2.83646828 2.80872418
 2.78312085 2.76076079 2.74236586 2.72818748 2.71806291 2.71154377
 2.70805098 2.7070176  2.70798985 2.71067357 2.71493099 2.72074067
 2.72813227 2.73710198 2.74750908 2.75895431 2.7706489  2.78130534
 2.78911346 2.79188987 2.78745899 2.77420173 2.75154379 2.72011131
 2.68145173 2.63746676 2.58982373 2.53956736 2.48703771 2.43208161
 2.37444951 2.31421298 2.25202916 2.18913276 2.12706052 2.06725326
 2.01073619 1.95800078 1.90907605 1.86369287 1.82144708 1.78191393
 1.74470905 1.70951047 1.67605912 1.6441499  1.61362056 1.58434144
 1.5562072  1.52913052 1.50303756 1.47786462 1.45355585 1.43006157
 1.40733703 1.38534158 1.36403803 1.3433921  1.32337209 1.30394855
 1.28509405 1.26678295 1.24899127 1.23169651 1.21487752 1.19851441
 1.18258844 1.16708194 1.1519782  1.13726144 1.12291672 1.10892987
 1.09528747 1.0819768 ]"
6V00,KCN,"[0.71355325 0.71842397 0.72333799 0.72829457 0.73329285 0.73833184
 0.74341036 0.74852707 0.75368044 0.75886872 0.76408993 0.76934183
 0.7746219  0.7799273  0.78525485 0.79060099 0.79596173 0.80133261
 0.80670867 0.81208435 0.81745347 0.82280913 0.82814364 0.8334484
 0.83871384 0.84392925 0.84908266 0.85416069 0.85914833 0.86402875
 0.86878301 0.87338984 0.87782522 0.88206205 0.88606969 0.88981352
 0.89325434 0.89634789 0.89904433 0.90128781 0.90301632 0.90416203
 0.90465243 0.90441283 0.903371   0.901465   0.89865522 0.89494204
 0.89038936 0.88515268 0.87950705 0.87386475 0.8687678  0.86483943
 0.86268807 0.86278021 0.86532597 0.87023598 0.87719504 0.88586464
 0.89619325 0.9087816  0.92518349 0.94789945 0.97975746 1.0226656
 1.07641159 1.1384992  1.20521092 1.27301863 1.33943631 1.40314479
 1.4637107  1.52122971 1.57605062 1.62860696 1.67933038 1.7286141
 1.77680245 1.82419237 1.87103967 1.91756632 1.96396761 2.01041857
 2.05707977 2.10410243 2.1516331  2.19981769 2.248805   2.29874908
 2.34981012 2.40215285 2.45594146 2.51132976 2.56844542 2.62736754
 2.68809706 2.7505206  2.81436931 2.87917601 2.94423734 3.00859245
 3.07103466 3.13017368 3.18455472 3.23281591 3.27383521 3.30680781
 3.33122295 3.34676251 3.35318663 3.3502787  3.33789933 3.31616747
 3.2857504  3.24818898 3.20609172 3.16293401 3.12225151 3.08641806
 3.05577357 3.02885929 3.00362473 2.97867478 2.95380421 2.92978008
 2.90778351 2.88890859 2.87388158 2.86298062 2.856086   2.85280445
 2.8526215  2.85503909 2.85966801 2.86626521 2.8747231  2.88502379
 2.89716883 2.91108918 2.92653668 2.94296053 2.95938478 2.97432772
 2.98583439 2.99170342 2.98993167 2.97925985 2.95956417 2.93185885
 2.89788438 2.85948686 2.81807356 2.77434994 2.7283942  2.67998801
 2.62903853 2.57590187 2.52145645 2.46689063 2.41332846 2.36150813
 2.31166747 2.2636395  2.21705156 2.17151437 2.12674022 2.0825845
 2.03903303 1.99616305 1.95409968 1.91297973 1.8729274  1.83404116
 1.79638913 1.76001001 1.72491677 1.69110166 1.65854107 1.62720004
 1.59703596 1.5680015  1.54004685 1.51312139 1.48717492 1.46215838
 1.4380245  1.41472805 1.39222606 1.3704779  1.34944527 1.32909213
 1.30938465 1.29029111 1.27178176 1.25382869 1.23640577 1.21948848
 1.2030538  1.18708016]"
6V01,KCN,"[0.71318889 0.71802009 0.7228937  0.72780905 0.7327653  0.73776151
 0.74279656 0.74786919 0.75297795 0.7581212  0.76329709 0.76850352
 0.77373814 0.77899832 0.78428109 0.78958318 0.7949009  0.80023016
 0.80556642 0.81090462 0.81623912 0.82156367 0.82687134 0.83215441
 0.83740429 0.84261144 0.84776524 0.85285383 0.85786398 0.86278091
 0.86758804 0.87226677 0.87679614 0.88115253 0.88530919 0.88923577
 0.89289775 0.89625575 0.89926483 0.90187363 0.90402353 0.90564791
 0.90667163 0.90701106 0.90657521 0.90526867 0.90299764 0.89968038
 0.89526421 0.88975036 0.88322697 0.875907   0.86816166 0.8605322
 0.85369846 0.84838844 0.84523846 0.84465114 0.84672527 0.8513227
 0.85829031 0.86779913 0.88070605 0.89876497 0.92442162 0.95998677
 1.00642032 1.06253814 1.12534574 1.19124457 1.25719083 1.3212153
 1.38236386 1.4403887  1.49543762 1.54783482 1.59795442 1.64615847
 1.69277203 1.73807698 1.78231384 1.82568674 1.86836896 1.91050832
 1.95223215 1.99365176 2.0348665  2.07596733 2.11703969 2.15816543
 2.1994232  2.24088678 2.28262062 2.32467216 2.36706095 2.40976546
 2.45270926 2.4957495  2.53867063 2.58118655 2.62295277 2.66358912
 2.70271098 2.73996553 2.77506791 2.80783138 2.83818646 2.8661857
 2.8919938  2.91586564 2.93811675 2.95909159 2.97913423 2.99856518
 3.01766623 3.03667443 3.05578447 3.07515812 3.09493802 3.11526305
 3.13628165 3.15815978 3.18107962 3.20522474 3.23074655 3.25770608
 3.28598605 3.31517361 3.34442839 3.37237922 3.39712888 3.41646169
 3.42829118 3.43123355 3.42504303 3.41066326 3.38985803 3.36459708
 3.33643301 3.30605249 3.27310692 3.23635556 3.1940874  3.14472112
 3.08740633 3.02239751 2.95103512 2.87536604 2.79762221 2.71979458
 2.64341286 2.56950963 2.49869068 2.43124161 2.36722972 2.30658502
 2.24915837 2.19476047 2.14318662 2.09423171 2.04769868 2.00340294
 1.96117424 1.92085707 1.88231018 1.84540566 1.81002781 1.77607203
 1.74344364 1.71205683 1.68183368 1.65270329 1.62460102 1.59746776
 1.57124936 1.54589607 1.52136212 1.49760524 1.47458635 1.45226923
 1.43062025 1.4096081  1.38920359 1.36937947 1.35011021 1.33137192
 1.31314215 1.29539981 1.27812505 1.26129914 1.24490442 1.2289242
 1.21334267 1.19814489 1.18331668 1.16884456 1.15471577 1.14091815
 1.12744014 1.11427071]"
